Date and Time GMT,Mean wind speed kt,Wind direction,Max wind speed kt
1/1/2023 0:00,8,56,13
1/1/2023 0:15,9,66,12
1/1/2023 0:30,9,72,12
1/1/2023 0:45,9,74,13
1/1/2023 1:00,10,76,13
1/1/2023 1:15,9,71,13
1/1/2023 1:30,10,77,13
1/1/2023 1:45,9,74,13
1/1/2023 2:00,9,75,12
1/1/2023 2:15,9,79,12
1/1/2023 2:30,9,75,12
1/1/2023 2:45,10,79,13
1/1/2023 3:00,10,91,13
1/1/2023 3:15,10,98,13
1/1/2023 3:30,10,94,15
1/1/2023 3:45,10,92,15
1/1/2023 4:00,11,86,16
1/1/2023 4:15,11,88,16
1/1/2023 4:30,11,84,14
1/1/2023 4:45,10,84,15
1/1/2023 5:00,11,80,15
1/1/2023 5:15,11,85,15
1/1/2023 5:30,10,95,13
1/1/2023 5:45,10,99,14
1/1/2023 6:00,10,95,14
1/1/2023 6:15,11,85,15
1/1/2023 6:30,10,83,15
1/1/2023 6:45,11,83,14
1/1/2023 7:00,11,89,17
1/1/2023 7:15,10,86,13
1/1/2023 7:30,9,97,14
1/1/2023 7:45,9,106,12
1/1/2023 8:00,9,108,13
1/1/2023 8:15,10,101,13
1/1/2023 8:30,10,105,13
1/1/2023 8:45,10,96,14
1/1/2023 9:00,10,92,13
1/1/2023 9:15,10,91,14
1/1/2023 9:30,11,87,14
1/1/2023 9:45,11,84,14
1/1/2023 10:00,11,81,14
1/1/2023 10:15,11,88,15
1/1/2023 10:30,11,98,15
1/1/2023 10:45,11,86,14
1/1/2023 11:00,11,90,16
1/1/2023 11:15,11,103,15
1/1/2023 11:30,12,98,15
1/1/2023 11:45,13,98,17
1/1/2023 12:00,12,102,18
1/1/2023 12:15,11,111,15
1/1/2023 12:30,11,115,15
1/1/2023 12:45,12,112,16
1/1/2023 13:00,13,112,17
1/1/2023 13:15,12,119,20
1/1/2023 13:30,11,101,14
1/1/2023 13:45,12,98,17
1/1/2023 14:00,13,116,18
1/1/2023 14:15,12,117,16
1/1/2023 14:30,13,111,18
1/1/2023 14:45,13,98,17
1/1/2023 15:00,11,97,16
1/1/2023 15:15,13,120,18
1/1/2023 15:30,13,117,18
1/1/2023 15:45,13,123,18
1/1/2023 16:00,13,126,17
1/1/2023 16:15,15,133,22
1/1/2023 16:30,14,129,19
1/1/2023 16:45,14,139,19
1/1/2023 17:00,16,136,21
1/1/2023 17:15,16,136,21
1/1/2023 17:30,13,128,18
1/1/2023 17:45,16,134,23
1/1/2023 18:00,15,129,21
1/1/2023 18:15,14,139,21
1/1/2023 18:30,16,155,21
1/1/2023 18:45,15,137,21
1/1/2023 19:00,12,158,16
1/1/2023 19:15,11,173,16
1/1/2023 19:30,13,187,18
1/1/2023 19:45,10,197,18
1/1/2023 20:00,6,220,13
1/1/2023 20:15,10,177,20
1/1/2023 20:30,7,206,14
1/1/2023 20:45,4,241,8
1/1/2023 21:00,6,254,11
1/1/2023 21:15,5,245,11
1/1/2023 21:30,5,283,7
1/1/2023 21:45,6,305,8
1/1/2023 22:00,5,305,9
1/1/2023 22:15,5,303,11
1/1/2023 22:30,5,308,8
1/1/2023 22:45,5,305,9
1/1/2023 23:00,7,307,10
1/1/2023 23:15,9,320,12
1/1/2023 23:30,9,324,12
1/1/2023 23:45,9,325,12
1/2/2023 0:00,8,325,12
1/2/2023 0:15,8,335,11
1/2/2023 0:30,8,330,11
1/2/2023 0:45,7,315,11
1/2/2023 1:00,7,312,12
1/2/2023 1:15,7,320,11
1/2/2023 1:30,9,317,15
1/2/2023 1:45,10,314,14
1/2/2023 2:00,9,306,16
1/2/2023 2:15,15,318,22
1/2/2023 2:30,18,325,24
1/2/2023 2:45,20,325,26
1/2/2023 3:00,20,324,26
1/2/2023 3:15,19,322,24
1/2/2023 3:30,18,321,24
1/2/2023 3:45,18,321,27
1/2/2023 4:00,20,325,26
1/2/2023 4:15,20,325,27
1/2/2023 4:30,18,328,24
1/2/2023 4:45,16,327,20
1/2/2023 5:00,15,322,19
1/2/2023 5:15,13,316,19
1/2/2023 5:30,14,316,20
1/2/2023 5:45,16,320,22
1/2/2023 6:00,15,317,20
1/2/2023 6:15,11,308,19
1/2/2023 6:30,10,310,18
1/2/2023 6:45,12,311,17
1/2/2023 7:00,12,315,19
1/2/2023 7:15,14,328,20
1/2/2023 7:30,13,328,17
1/2/2023 7:45,14,332,19
1/2/2023 8:00,15,330,21
1/2/2023 8:15,15,327,20
1/2/2023 8:30,14,327,18
1/2/2023 8:45,14,327,18
1/2/2023 9:00,14,329,18
1/2/2023 9:15,14,320,19
1/2/2023 9:30,15,322,19
1/2/2023 9:45,14,321,19
1/2/2023 10:00,11,333,17
1/2/2023 10:15,7,0,10
1/2/2023 10:30,7,346,11
1/2/2023 10:45,6,334,9
1/2/2023 11:00,6,329,7
1/2/2023 11:15,6,319,8
1/2/2023 11:30,7,301,10
1/2/2023 11:45,7,291,10
1/2/2023 12:00,9,272,16
1/2/2023 12:15,9,269,16
1/2/2023 12:30,10,266,15
1/2/2023 12:45,11,261,17
1/2/2023 13:00,8,263,14
1/2/2023 13:15,10,259,15
1/2/2023 13:30,10,264,15
1/2/2023 13:45,11,262,15
1/2/2023 14:00,10,254,14
1/2/2023 14:15,10,250,12
1/2/2023 14:30,11,248,15
1/2/2023 14:45,12,249,17
1/2/2023 15:00,9,243,13
1/2/2023 15:15,7,235,10
1/2/2023 15:30,11,235,18
1/2/2023 15:45,11,238,16
1/2/2023 16:00,11,240,17
1/2/2023 16:15,12,239,18
1/2/2023 16:30,9,244,19
1/2/2023 16:45,10,234,16
1/2/2023 17:00,8,221,14
1/2/2023 17:15,10,222,13
1/2/2023 17:30,9,226,13
1/2/2023 17:45,10,219,17
1/2/2023 18:00,10,206,13
1/2/2023 18:15,9,212,13
1/2/2023 18:30,7,209,10
1/2/2023 18:45,7,225,11
1/2/2023 19:00,9,219,13
1/2/2023 19:15,7,219,11
1/2/2023 19:30,8,225,12
1/2/2023 19:45,8,221,11
1/2/2023 20:00,9,222,13
1/2/2023 20:15,9,222,13
1/2/2023 20:30,7,233,12
1/2/2023 20:45,9,241,15
1/2/2023 21:00,8,222,12
1/2/2023 21:15,9,224,13
1/2/2023 21:30,8,220,12
1/2/2023 21:45,10,221,14
1/2/2023 22:00,10,225,14
1/2/2023 22:15,10,216,13
1/2/2023 22:30,9,215,14
1/2/2023 22:45,9,212,12
1/2/2023 23:00,9,200,12
1/2/2023 23:15,10,201,13
1/2/2023 23:30,10,201,13
1/2/2023 23:45,11,204,13
1/3/2023 0:00,9,208,12
1/3/2023 0:15,6,197,9
1/3/2023 0:30,5,171,6
1/3/2023 0:45,5,176,9
1/3/2023 1:00,8,192,11
1/3/2023 1:15,9,188,10
1/3/2023 1:30,7,186,9
1/3/2023 1:45,8,191,10
1/3/2023 2:00,9,185,15
1/3/2023 2:15,11,179,15
1/3/2023 2:30,10,189,15
1/3/2023 2:45,10,195,13
1/3/2023 3:00,9,188,13
1/3/2023 3:15,10,190,13
1/3/2023 3:30,8,200,10
1/3/2023 3:45,9,194,12
1/3/2023 4:00,10,190,16
1/3/2023 4:15,14,175,18
1/3/2023 4:30,14,171,19
1/3/2023 4:45,15,168,20
1/3/2023 5:00,15,170,19
1/3/2023 5:15,16,166,20
1/3/2023 5:30,15,166,20
1/3/2023 5:45,14,170,20
1/3/2023 6:00,12,166,17
1/3/2023 6:15,13,155,19
1/3/2023 6:30,17,149,25
1/3/2023 6:45,19,148,25
1/3/2023 7:00,21,157,30
1/3/2023 7:15,22,159,30
1/3/2023 7:30,21,162,27
1/3/2023 7:45,24,161,31
1/3/2023 8:00,23,153,31
1/3/2023 8:15,26,157,35
1/3/2023 8:30,28,160,35
1/3/2023 8:45,27,160,34
1/3/2023 9:00,25,156,33
1/3/2023 9:15,25,159,36
1/3/2023 9:30,26,161,37
1/3/2023 9:45,25,161,33
1/3/2023 10:00,26,160,35
1/3/2023 10:15,27,160,36
1/3/2023 10:30,28,156,37
1/3/2023 10:45,27,160,35
1/3/2023 11:00,28,161,38
1/3/2023 11:15,29,161,38
1/3/2023 11:30,30,162,39
1/3/2023 11:45,28,161,40
1/3/2023 12:00,30,160,39
1/3/2023 12:15,27,165,36
1/3/2023 12:30,29,167,38
1/3/2023 12:45,25,167,35
1/3/2023 13:00,26,169,35
1/3/2023 13:15,25,173,33
1/3/2023 13:30,24,180,33
1/3/2023 13:45,23,182,31
1/3/2023 14:00,21,184,31
1/3/2023 14:15,20,187,27
1/3/2023 14:30,18,188,24
1/3/2023 14:45,17,193,25
1/3/2023 15:00,16,194,22
1/3/2023 15:15,16,196,21
1/3/2023 15:30,15,193,21
1/3/2023 15:45,13,190,18
1/3/2023 16:00,13,190,17
1/3/2023 16:15,13,189,19
1/3/2023 16:30,13,194,16
1/3/2023 16:45,12,194,15
1/3/2023 17:00,11,189,15
1/3/2023 17:15,12,190,17
1/3/2023 17:30,11,190,14
1/3/2023 17:45,11,195,14
1/3/2023 18:00,9,186,12
1/3/2023 18:15,10,184,12
1/3/2023 18:30,9,176,11
1/3/2023 18:45,9,182,12
1/3/2023 19:00,8,184,11
1/3/2023 19:15,7,180,10
1/3/2023 19:30,8,183,10
1/3/2023 19:45,8,181,12
1/3/2023 20:00,10,162,13
1/3/2023 20:15,9,158,12
1/3/2023 20:30,8,151,10
1/3/2023 20:45,8,150,10
1/3/2023 21:00,7,155,9
1/3/2023 21:15,7,150,10
1/3/2023 21:30,8,144,12
1/3/2023 21:45,8,142,11
1/3/2023 22:00,8,142,11
1/3/2023 22:15,7,135,10
1/3/2023 22:30,7,128,10
1/3/2023 22:45,8,131,11
1/3/2023 23:00,8,130,10
1/3/2023 23:15,7,132,9
1/3/2023 23:30,6,129,8
1/3/2023 23:45,6,122,7
1/4/2023 0:00,5,102,6
1/4/2023 0:15,5,87,7
1/4/2023 0:30,5,67,7
1/4/2023 0:45,5,52,7
1/4/2023 1:00,6,58,9
1/4/2023 1:15,7,58,9
1/4/2023 1:30,7,49,10
1/4/2023 1:45,9,39,11
1/4/2023 2:00,9,34,11
1/4/2023 2:15,9,39,12
1/4/2023 2:30,10,43,13
1/4/2023 2:45,10,37,12
1/4/2023 3:00,10,36,14
1/4/2023 3:15,10,31,13
1/4/2023 3:30,9,25,12
1/4/2023 3:45,10,17,13
1/4/2023 4:00,9,13,13
1/4/2023 4:15,9,9,13
1/4/2023 4:30,10,8,13
1/4/2023 4:45,10,1,14
1/4/2023 5:00,10,357,13
1/4/2023 5:15,11,354,16
1/4/2023 5:30,11,353,15
1/4/2023 5:45,11,349,16
1/4/2023 6:00,11,350,16
1/4/2023 6:15,13,345,19
1/4/2023 6:30,12,346,17
1/4/2023 6:45,15,340,20
1/4/2023 7:00,16,333,24
1/4/2023 7:15,18,332,23
1/4/2023 7:30,17,332,22
1/4/2023 7:45,17,328,22
1/4/2023 8:00,17,331,23
1/4/2023 8:15,18,335,23
1/4/2023 8:30,18,332,23
1/4/2023 8:45,18,327,23
1/4/2023 9:00,18,324,24
1/4/2023 9:15,19,321,25
1/4/2023 9:30,19,321,25
1/4/2023 9:45,19,321,25
1/4/2023 10:00,18,319,24
1/4/2023 10:15,17,318,23
1/4/2023 10:30,17,319,22
1/4/2023 10:45,17,319,23
1/4/2023 11:00,17,319,24
1/4/2023 11:15,17,318,23
1/4/2023 11:30,17,317,25
1/4/2023 11:45,16,317,22
1/4/2023 12:00,16,318,22
1/4/2023 12:15,15,316,20
1/4/2023 12:30,15,315,20
1/4/2023 12:45,14,314,21
1/4/2023 13:00,12,311,18
1/4/2023 13:15,11,308,18
1/4/2023 13:30,12,309,18
1/4/2023 13:45,11,307,18
1/4/2023 14:00,9,301,14
1/4/2023 14:15,10,301,14
1/4/2023 14:30,10,301,14
1/4/2023 14:45,10,304,15
1/4/2023 15:00,12,306,18
1/4/2023 15:15,13,308,21
1/4/2023 15:30,11,306,17
1/4/2023 15:45,9,303,12
1/4/2023 16:00,9,303,13
1/4/2023 16:15,9,304,15
1/4/2023 16:30,10,306,16
1/4/2023 16:45,12,309,18
1/4/2023 17:00,9,304,15
1/4/2023 17:15,9,298,12
1/4/2023 17:30,10,298,14
1/4/2023 17:45,9,300,13
1/4/2023 18:00,9,300,13
1/4/2023 18:15,10,302,14
1/4/2023 18:30,10,305,15
1/4/2023 18:45,10,307,13
1/4/2023 19:00,8,305,12
1/4/2023 19:15,9,304,14
1/4/2023 19:30,9,298,13
1/4/2023 19:45,10,294,14
1/4/2023 20:00,10,293,14
1/4/2023 20:15,8,287,12
1/4/2023 20:30,9,291,13
1/4/2023 20:45,10,296,15
1/4/2023 21:00,9,287,15
1/4/2023 21:15,9,286,14
1/4/2023 21:30,10,296,15
1/4/2023 21:45,9,287,13
1/4/2023 22:00,10,291,16
1/4/2023 22:15,11,292,16
1/4/2023 22:30,13,307,21
1/4/2023 22:45,12,294,16
1/4/2023 23:00,12,297,17
1/4/2023 23:15,12,296,16
1/4/2023 23:30,12,298,16
1/4/2023 23:45,11,284,18
1/5/2023 0:00,12,293,18
1/5/2023 0:15,13,293,20
1/5/2023 0:30,14,297,20
1/5/2023 0:45,11,289,17
1/5/2023 1:00,10,284,16
1/5/2023 1:15,11,289,18
1/5/2023 1:30,9,284,15
1/5/2023 1:45,10,278,17
1/5/2023 2:00,10,275,16
1/5/2023 2:15,9,281,17
1/5/2023 2:30,10,273,16
1/5/2023 2:45,12,267,19
1/5/2023 3:00,11,273,17
1/5/2023 3:15,8,277,16
1/5/2023 3:30,9,273,16
1/5/2023 3:45,10,273,16
1/5/2023 4:00,9,272,14
1/5/2023 4:15,11,258,16
1/5/2023 4:30,9,257,15
1/5/2023 4:45,7,272,11
1/5/2023 5:00,8,262,11
1/5/2023 5:15,7,258,11
1/5/2023 5:30,7,269,12
1/5/2023 5:45,6,270,11
1/5/2023 6:00,7,268,12
1/5/2023 6:15,6,272,10
1/5/2023 6:30,7,238,10
1/5/2023 6:45,6,226,9
1/5/2023 7:00,5,224,7
1/5/2023 7:15,6,215,8
1/5/2023 7:30,8,218,10
1/5/2023 7:45,7,208,10
1/5/2023 8:00,8,205,11
1/5/2023 8:15,6,207,9
1/5/2023 8:30,5,202,7
1/5/2023 8:45,8,213,12
1/5/2023 9:00,9,216,12
1/5/2023 9:15,8,221,11
1/5/2023 9:30,8,225,12
1/5/2023 9:45,8,241,12
1/5/2023 10:00,9,247,13
1/5/2023 10:15,7,236,11
1/5/2023 10:30,8,227,11
1/5/2023 10:45,10,209,14
1/5/2023 11:00,10,213,14
1/5/2023 11:15,10,211,15
1/5/2023 11:30,10,212,13
1/5/2023 11:45,9,213,13
1/5/2023 12:00,8,207,11
1/5/2023 12:15,10,205,14
1/5/2023 12:30,9,207,13
1/5/2023 12:45,8,198,11
1/5/2023 13:00,8,196,11
1/5/2023 13:15,8,193,12
1/5/2023 13:30,8,189,11
1/5/2023 13:45,9,188,13
1/5/2023 14:00,10,182,13
1/5/2023 14:15,10,177,16
1/5/2023 14:30,11,169,15
1/5/2023 14:45,11,161,15
1/5/2023 15:00,13,155,18
1/5/2023 15:15,16,157,21
1/5/2023 15:30,17,156,22
1/5/2023 15:45,18,147,22
1/5/2023 16:00,19,151,24
1/5/2023 16:15,20,148,25
1/5/2023 16:30,20,145,25
1/5/2023 16:45,20,143,26
1/5/2023 17:00,21,146,27
1/5/2023 17:15,22,149,27
1/5/2023 17:30,21,157,27
1/5/2023 17:45,22,158,30
1/5/2023 18:00,23,155,29
1/5/2023 18:15,22,150,31
1/5/2023 18:30,25,156,32
1/5/2023 18:45,23,159,33
1/5/2023 19:00,26,161,35
1/5/2023 19:15,23,161,31
1/5/2023 19:30,25,161,32
1/5/2023 19:45,25,164,34
1/5/2023 20:00,25,166,32
1/5/2023 20:15,23,170,29
1/5/2023 20:30,24,175,32
1/5/2023 20:45,22,179,30
1/5/2023 21:00,20,186,29
1/5/2023 21:15,19,187,25
1/5/2023 21:30,18,193,23
1/5/2023 21:45,19,193,25
1/5/2023 22:00,20,196,28
1/5/2023 22:15,21,191,30
1/5/2023 22:30,22,194,31
1/5/2023 22:45,21,198,27
1/5/2023 23:00,21,198,29
1/5/2023 23:15,24,198,33
1/5/2023 23:30,23,199,31
1/5/2023 23:45,19,197,29
1/6/2023 0:00,18,191,28
1/6/2023 0:15,20,190,28
1/6/2023 0:30,21,193,29
1/6/2023 0:45,21,189,31
1/6/2023 1:00,19,191,26
1/6/2023 1:15,20,191,29
1/6/2023 1:30,21,192,31
1/6/2023 1:45,21,190,31
1/6/2023 2:00,23,189,30
1/6/2023 2:15,23,188,31
1/6/2023 2:30,23,185,32
1/6/2023 2:45,24,185,34
1/6/2023 3:00,24,185,32
1/6/2023 3:15,25,182,36
1/6/2023 3:30,27,182,36
1/6/2023 3:45,28,178,37
1/6/2023 4:00,28,179,36
1/6/2023 4:15,28,180,38
1/6/2023 4:30,28,184,39
1/6/2023 4:45,27,184,37
1/6/2023 5:00,28,185,38
1/6/2023 5:15,26,185,36
1/6/2023 5:30,25,188,33
1/6/2023 5:45,25,189,36
1/6/2023 6:00,23,189,33
1/6/2023 6:15,25,194,33
1/6/2023 6:30,26,194,39
1/6/2023 6:45,25,198,33
1/6/2023 7:00,23,202,32
1/6/2023 7:15,23,214,31
1/6/2023 7:30,22,225,39
1/6/2023 7:45,29,241,41
1/6/2023 8:00,31,247,42
1/6/2023 8:15,32,253,49
1/6/2023 8:30,33,254,45
1/6/2023 8:45,34,255,46
1/6/2023 9:00,35,257,49
1/6/2023 9:15,33,261,48
1/6/2023 9:30,34,259,50
1/6/2023 9:45,38,257,50
1/6/2023 10:00,39,258,53
1/6/2023 10:15,38,260,53
1/6/2023 10:30,36,262,52
1/6/2023 10:45,32,265,50
1/6/2023 11:00,33,264,50
1/6/2023 11:15,31,266,49
1/6/2023 11:30,28,269,44
1/6/2023 11:45,27,272,49
1/6/2023 12:00,27,273,46
1/6/2023 12:15,27,273,45
1/6/2023 12:30,28,272,41
1/6/2023 12:45,27,273,44
1/6/2023 13:00,27,272,43
1/6/2023 13:15,26,272,42
1/6/2023 13:30,26,274,45
1/6/2023 13:45,22,277,37
1/6/2023 14:00,20,277,40
1/6/2023 14:15,20,273,34
1/6/2023 14:30,18,273,29
1/6/2023 14:45,18,275,30
1/6/2023 15:00,16,279,30
1/6/2023 15:15,15,281,25
1/6/2023 15:30,13,280,23
1/6/2023 15:45,14,281,28
1/6/2023 16:00,13,278,23
1/6/2023 16:15,14,277,26
1/6/2023 16:30,14,273,26
1/6/2023 16:45,13,271,24
1/6/2023 17:00,11,271,18
1/6/2023 17:15,14,262,25
1/6/2023 17:30,16,251,24
1/6/2023 17:45,14,257,20
1/6/2023 18:00,12,250,18
1/6/2023 18:15,17,258,23
1/6/2023 18:30,14,257,21
1/6/2023 18:45,11,252,16
1/6/2023 19:00,7,234,11
1/6/2023 19:15,7,226,9
1/6/2023 19:30,7,219,11
1/6/2023 19:45,11,200,16
1/6/2023 20:00,12,208,16
1/6/2023 20:15,11,214,14
1/6/2023 20:30,9,211,13
1/6/2023 20:45,5,225,10
1/6/2023 21:00,7,211,9
1/6/2023 21:15,6,192,8
1/6/2023 21:30,7,186,9
1/6/2023 21:45,8,193,13
1/6/2023 22:00,11,195,14
1/6/2023 22:15,10,187,14
1/6/2023 22:30,10,174,15
1/6/2023 22:45,12,172,16
1/6/2023 23:00,12,173,16
1/6/2023 23:15,13,164,16
1/6/2023 23:30,13,158,17
1/6/2023 23:45,13,152,16
1/7/2023 0:00,13,153,18
1/7/2023 0:15,15,163,22
1/7/2023 0:30,13,159,18
1/7/2023 0:45,14,160,19
1/7/2023 1:00,16,149,23
1/7/2023 1:15,17,141,23
1/7/2023 1:30,16,147,23
1/7/2023 1:45,17,150,23
1/7/2023 2:00,19,152,23
1/7/2023 2:15,19,153,24
1/7/2023 2:30,20,152,25
1/7/2023 2:45,20,153,26
1/7/2023 3:00,21,147,27
1/7/2023 3:15,20,142,26
1/7/2023 3:30,21,144,25
1/7/2023 3:45,19,146,24
1/7/2023 4:00,20,153,27
1/7/2023 4:15,19,156,25
1/7/2023 4:30,18,157,25
1/7/2023 4:45,20,154,25
1/7/2023 5:00,19,152,24
1/7/2023 5:15,18,160,25
1/7/2023 5:30,20,165,27
1/7/2023 5:45,20,170,27
1/7/2023 6:00,21,171,27
1/7/2023 6:15,18,170,26
1/7/2023 6:30,17,173,23
1/7/2023 6:45,16,178,21
1/7/2023 7:00,16,180,21
1/7/2023 7:15,15,181,20
1/7/2023 7:30,15,184,20
1/7/2023 7:45,14,187,19
1/7/2023 8:00,13,186,18
1/7/2023 8:15,11,185,15
1/7/2023 8:30,9,182,12
1/7/2023 8:45,9,184,13
1/7/2023 9:00,12,184,16
1/7/2023 9:15,13,184,18
1/7/2023 9:30,12,182,16
1/7/2023 9:45,13,175,18
1/7/2023 10:00,15,182,21
1/7/2023 10:15,14,190,19
1/7/2023 10:30,13,195,18
1/7/2023 10:45,10,198,15
1/7/2023 11:00,9,194,14
1/7/2023 11:15,9,198,12
1/7/2023 11:30,9,197,14
1/7/2023 11:45,11,198,14
1/7/2023 12:00,10,197,13
1/7/2023 12:15,9,188,11
1/7/2023 12:30,9,187,12
1/7/2023 12:45,8,171,10
1/7/2023 13:00,9,187,12
1/7/2023 13:15,8,194,10
1/7/2023 13:30,9,196,13
1/7/2023 13:45,10,196,12
1/7/2023 14:00,8,198,11
1/7/2023 14:15,8,198,11
1/7/2023 14:30,6,196,9
1/7/2023 14:45,7,195,10
1/7/2023 15:00,9,190,12
1/7/2023 15:15,8,185,10
1/7/2023 15:30,9,182,11
1/7/2023 15:45,8,184,12
1/7/2023 16:00,9,181,13
1/7/2023 16:15,9,177,13
1/7/2023 16:30,9,173,12
1/7/2023 16:45,11,154,14
1/7/2023 17:00,10,160,14
1/7/2023 17:15,11,163,15
1/7/2023 17:30,11,171,16
1/7/2023 17:45,11,177,15
1/7/2023 18:00,10,177,13
1/7/2023 18:15,13,173,18
1/7/2023 18:30,14,174,18
1/7/2023 18:45,13,176,19
1/7/2023 19:00,15,181,22
1/7/2023 19:15,18,182,24
1/7/2023 19:30,16,174,21
1/7/2023 19:45,17,165,21
1/7/2023 20:00,18,167,24
1/7/2023 20:15,19,169,27
1/7/2023 20:30,20,173,27
1/7/2023 20:45,20,176,29
1/7/2023 21:00,22,175,29
1/7/2023 21:15,22,172,31
1/7/2023 21:30,22,170,30
1/7/2023 21:45,21,166,33
1/7/2023 22:00,22,163,28
1/7/2023 22:15,22,163,29
1/7/2023 22:30,21,164,30
1/7/2023 22:45,21,167,29
1/7/2023 23:00,24,164,35
1/7/2023 23:15,26,166,35
1/7/2023 23:30,24,166,31
1/7/2023 23:45,24,170,32
1/8/2023 0:00,25,166,32
1/8/2023 0:15,26,164,34
1/8/2023 0:30,25,168,33
1/8/2023 0:45,25,172,34
1/8/2023 1:00,24,171,31
1/8/2023 1:15,25,171,36
1/8/2023 1:30,26,171,36
1/8/2023 1:45,24,171,32
1/8/2023 2:00,23,175,31
1/8/2023 2:15,23,173,30
1/8/2023 2:30,22,171,29
1/8/2023 2:45,24,172,31
1/8/2023 3:00,24,173,33
1/8/2023 3:15,25,176,33
1/8/2023 3:30,24,177,36
1/8/2023 3:45,26,181,36
1/8/2023 4:00,25,177,35
1/8/2023 4:15,25,180,33
1/8/2023 4:30,23,186,34
1/8/2023 4:45,22,186,30
1/8/2023 5:00,22,188,31
1/8/2023 5:15,25,194,35
1/8/2023 5:30,24,192,31
1/8/2023 5:45,20,190,28
1/8/2023 6:00,16,190,23
1/8/2023 6:15,17,196,28
1/8/2023 6:30,22,193,30
1/8/2023 6:45,20,188,29
1/8/2023 7:00,19,184,29
1/8/2023 7:15,26,190,37
1/8/2023 7:30,21,187,31
1/8/2023 7:45,20,175,27
1/8/2023 8:00,22,176,34
1/8/2023 8:15,24,178,33
1/8/2023 8:30,24,179,35
1/8/2023 8:45,25,177,33
1/8/2023 9:00,26,179,35
1/8/2023 9:15,25,180,34
1/8/2023 9:30,25,186,38
1/8/2023 9:45,23,183,34
1/8/2023 10:00,28,177,38
1/8/2023 10:15,29,178,39
1/8/2023 10:30,28,184,41
1/8/2023 10:45,29,180,40
1/8/2023 11:00,29,175,39
1/8/2023 11:15,29,182,43
1/8/2023 11:30,30,181,40
1/8/2023 11:45,33,180,43
1/8/2023 12:00,32,185,42
1/8/2023 12:15,30,185,42
1/8/2023 12:30,30,182,43
1/8/2023 12:45,30,184,41
1/8/2023 13:00,31,184,45
1/8/2023 13:15,32,185,44
1/8/2023 13:30,31,184,42
1/8/2023 13:45,32,184,43
1/8/2023 14:00,29,181,41
1/8/2023 14:15,31,182,41
1/8/2023 14:30,28,182,42
1/8/2023 14:45,30,182,40
1/8/2023 15:00,28,177,37
1/8/2023 15:15,29,179,40
1/8/2023 15:30,28,181,43
1/8/2023 15:45,29,180,40
1/8/2023 16:00,28,180,39
1/8/2023 16:15,27,180,36
1/8/2023 16:30,27,182,38
1/8/2023 16:45,26,187,39
1/8/2023 17:00,23,195,30
1/8/2023 17:15,24,198,34
1/8/2023 17:30,26,192,34
1/8/2023 17:45,23,189,33
1/8/2023 18:00,22,194,29
1/8/2023 18:15,22,191,29
1/8/2023 18:30,21,188,30
1/8/2023 18:45,21,188,28
1/8/2023 19:00,20,187,27
1/8/2023 19:15,21,185,30
1/8/2023 19:30,22,186,28
1/8/2023 19:45,21,188,29
1/8/2023 20:00,19,185,26
1/8/2023 20:15,18,187,25
1/8/2023 20:30,19,191,25
1/8/2023 20:45,17,192,24
1/8/2023 21:00,17,189,23
1/8/2023 21:15,17,188,26
1/8/2023 21:30,16,192,22
1/8/2023 21:45,15,198,22
1/8/2023 22:00,14,202,18
1/8/2023 22:15,13,201,18
1/8/2023 22:30,13,186,18
1/8/2023 22:45,12,193,16
1/8/2023 23:00,11,196,15
1/8/2023 23:15,12,189,16
1/8/2023 23:30,13,185,17
1/8/2023 23:45,12,184,17
1/9/2023 0:00,13,184,18
1/9/2023 0:15,12,187,16
1/9/2023 0:30,12,190,15
1/9/2023 0:45,12,194,16
1/9/2023 1:00,12,195,15
1/9/2023 1:15,12,194,15
1/9/2023 1:30,10,189,14
1/9/2023 1:45,10,193,14
1/9/2023 2:00,11,196,14
1/9/2023 2:15,11,200,16
1/9/2023 2:30,12,201,15
1/9/2023 2:45,11,196,14
1/9/2023 3:00,13,198,17
1/9/2023 3:15,11,203,16
1/9/2023 3:30,11,202,14
1/9/2023 3:45,10,199,13
1/9/2023 4:00,10,201,13
1/9/2023 4:15,9,217,14
1/9/2023 4:30,12,213,16
1/9/2023 4:45,12,204,16
1/9/2023 5:00,12,200,19
1/9/2023 5:15,14,219,24
1/9/2023 5:30,10,204,16
1/9/2023 5:45,9,202,12
1/9/2023 6:00,10,202,15
1/9/2023 6:15,13,214,20
1/9/2023 6:30,12,217,16
1/9/2023 6:45,13,219,19
1/9/2023 7:00,12,219,18
1/9/2023 7:15,14,235,20
1/9/2023 7:30,11,223,16
1/9/2023 7:45,14,220,22
1/9/2023 8:00,11,231,18
1/9/2023 8:15,9,221,14
1/9/2023 8:30,11,219,17
1/9/2023 8:45,12,221,18
1/9/2023 9:00,12,216,16
1/9/2023 9:15,15,228,23
1/9/2023 9:30,16,229,21
1/9/2023 9:45,15,229,22
1/9/2023 10:00,16,225,25
1/9/2023 10:15,15,220,22
1/9/2023 10:30,15,222,21
1/9/2023 10:45,16,224,20
1/9/2023 11:00,14,230,21
1/9/2023 11:15,14,227,20
1/9/2023 11:30,16,223,24
1/9/2023 11:45,15,222,21
1/9/2023 12:00,15,215,22
1/9/2023 12:15,15,215,21
1/9/2023 12:30,14,217,20
1/9/2023 12:45,15,229,23
1/9/2023 13:00,16,235,28
1/9/2023 13:15,15,234,24
1/9/2023 13:30,16,237,22
1/9/2023 13:45,16,237,24
1/9/2023 14:00,16,240,24
1/9/2023 14:15,15,252,24
1/9/2023 14:30,15,236,23
1/9/2023 14:45,17,238,27
1/9/2023 15:00,16,239,24
1/9/2023 15:15,14,234,21
1/9/2023 15:30,16,239,23
1/9/2023 15:45,15,238,21
1/9/2023 16:00,16,238,25
1/9/2023 16:15,15,248,21
1/9/2023 16:30,15,249,20
1/9/2023 16:45,14,255,19
1/9/2023 17:00,16,262,24
1/9/2023 17:15,14,262,24
1/9/2023 17:30,19,261,29
1/9/2023 17:45,14,269,23
1/9/2023 18:00,10,277,19
1/9/2023 18:15,10,270,17
1/9/2023 18:30,12,254,19
1/9/2023 18:45,11,259,17
1/9/2023 19:00,12,270,21
1/9/2023 19:15,13,267,21
1/9/2023 19:30,10,279,18
1/9/2023 19:45,10,273,21
1/9/2023 20:00,14,263,22
1/9/2023 20:15,13,262,20
1/9/2023 20:30,17,261,25
1/9/2023 20:45,19,260,26
1/9/2023 21:00,20,261,28
1/9/2023 21:15,19,260,28
1/9/2023 21:30,20,260,29
1/9/2023 21:45,19,260,35
1/9/2023 22:00,22,259,35
1/9/2023 22:15,19,255,25
1/9/2023 22:30,19,255,26
1/9/2023 22:45,16,245,23
1/9/2023 23:00,16,262,26
1/9/2023 23:15,19,251,28
1/9/2023 23:30,18,248,25
1/9/2023 23:45,18,249,27
1/10/2023 0:00,21,247,29
1/10/2023 0:15,21,245,30
1/10/2023 0:30,18,242,27
1/10/2023 0:45,20,250,32
1/10/2023 1:00,18,247,29
1/10/2023 1:15,18,245,34
1/10/2023 1:30,19,255,32
1/10/2023 1:45,19,240,34
1/10/2023 2:00,17,238,27
1/10/2023 2:15,19,248,26
1/10/2023 2:30,15,232,22
1/10/2023 2:45,15,231,22
1/10/2023 3:00,21,250,34
1/10/2023 3:15,20,249,30
1/10/2023 3:30,14,225,21
1/10/2023 3:45,11,227,15
1/10/2023 4:00,15,242,26
1/10/2023 4:15,17,235,28
1/10/2023 4:30,19,221,28
1/10/2023 4:45,18,210,24
1/10/2023 5:00,17,207,24
1/10/2023 5:15,13,203,20
1/10/2023 5:30,16,212,22
1/10/2023 5:45,14,232,21
1/10/2023 6:00,12,240,20
1/10/2023 6:15,15,215,23
1/10/2023 6:30,16,222,23
1/10/2023 6:45,9,227,15
1/10/2023 7:00,10,258,14
1/10/2023 7:15,8,237,14
1/10/2023 7:30,13,209,19
1/10/2023 7:45,15,208,21
1/10/2023 8:00,14,207,19
1/10/2023 8:15,15,206,20
1/10/2023 8:30,14,206,18
1/10/2023 8:45,13,210,20
1/10/2023 9:00,13,201,18
1/10/2023 9:15,12,202,19
1/10/2023 9:30,13,205,18
1/10/2023 9:45,12,203,16
1/10/2023 10:00,11,197,14
1/10/2023 10:15,12,187,17
1/10/2023 10:30,12,190,15
1/10/2023 10:45,12,189,15
1/10/2023 11:00,13,187,17
1/10/2023 11:15,12,182,20
1/10/2023 11:30,12,182,18
1/10/2023 11:45,15,171,22
1/10/2023 12:00,17,167,22
1/10/2023 12:15,20,169,28
1/10/2023 12:30,19,169,26
1/10/2023 12:45,21,162,26
1/10/2023 13:00,21,163,26
1/10/2023 13:15,20,159,27
1/10/2023 13:30,22,157,29
1/10/2023 13:45,21,157,27
1/10/2023 14:00,23,155,30
1/10/2023 14:15,24,152,31
1/10/2023 14:30,25,150,32
1/10/2023 14:45,25,154,32
1/10/2023 15:00,24,150,32
1/10/2023 15:15,27,150,36
1/10/2023 15:30,26,149,35
1/10/2023 15:45,28,146,35
1/10/2023 16:00,26,142,32
1/10/2023 16:15,25,140,32
1/10/2023 16:30,24,140,32
1/10/2023 16:45,25,144,32
1/10/2023 17:00,24,147,32
1/10/2023 17:15,25,147,32
1/10/2023 17:30,26,148,34
1/10/2023 17:45,24,149,33
1/10/2023 18:00,24,154,31
1/10/2023 18:15,23,159,32
1/10/2023 18:30,22,163,29
1/10/2023 18:45,21,166,28
1/10/2023 19:00,20,169,26
1/10/2023 19:15,19,170,27
1/10/2023 19:30,18,174,24
1/10/2023 19:45,18,178,24
1/10/2023 20:00,17,181,24
1/10/2023 20:15,18,184,25
1/10/2023 20:30,18,187,24
1/10/2023 20:45,18,192,24
1/10/2023 21:00,17,194,23
1/10/2023 21:15,16,191,21
1/10/2023 21:30,16,197,23
1/10/2023 21:45,17,202,23
1/10/2023 22:00,18,205,23
1/10/2023 22:15,19,206,26
1/10/2023 22:30,20,210,29
1/10/2023 22:45,23,227,39
1/10/2023 23:00,33,244,50
1/10/2023 23:15,38,253,52
1/10/2023 23:30,34,257,48
1/10/2023 23:45,34,254,53
1/11/2023 0:00,34,255,46
1/11/2023 0:15,35,255,50
1/11/2023 0:30,37,255,51
1/11/2023 0:45,36,255,50
1/11/2023 1:00,35,254,50
1/11/2023 1:15,35,255,49
1/11/2023 1:30,34,256,49
1/11/2023 1:45,36,255,50
1/11/2023 2:00,38,255,52
1/11/2023 2:15,39,257,55
1/11/2023 2:30,37,257,51
1/11/2023 2:45,35,259,50
1/11/2023 3:00,37,256,52
1/11/2023 3:15,38,256,53
1/11/2023 3:30,37,256,53
1/11/2023 3:45,36,255,48
1/11/2023 4:00,34,254,50
1/11/2023 4:15,34,257,51
1/11/2023 4:30,32,253,50
1/11/2023 4:45,34,255,47
1/11/2023 5:00,33,250,46
1/11/2023 5:15,32,250,46
1/11/2023 5:30,33,248,46
1/11/2023 5:45,31,245,46
1/11/2023 6:00,32,247,47
1/11/2023 6:15,30,245,42
1/11/2023 6:30,30,246,43
1/11/2023 6:45,30,247,41
1/11/2023 7:00,28,248,39
1/11/2023 7:15,31,245,47
1/11/2023 7:30,27,247,38
1/11/2023 7:45,27,251,40
1/11/2023 8:00,26,246,37
1/11/2023 8:15,21,235,30
1/11/2023 8:30,24,240,34
1/11/2023 8:45,27,253,37
1/11/2023 9:00,25,251,38
1/11/2023 9:15,19,243,30
1/11/2023 9:30,24,244,37
1/11/2023 9:45,21,243,30
1/11/2023 10:00,23,246,36
1/11/2023 10:15,23,249,35
1/11/2023 10:30,22,251,31
1/11/2023 10:45,24,248,36
1/11/2023 11:00,24,250,38
1/11/2023 11:15,25,261,36
1/11/2023 11:30,24,255,31
1/11/2023 11:45,20,254,28
1/11/2023 12:00,24,255,36
1/11/2023 12:15,24,256,33
1/11/2023 12:30,22,252,31
1/11/2023 12:45,22,262,33
1/11/2023 13:00,23,252,33
1/11/2023 13:15,24,248,38
1/11/2023 13:30,26,258,38
1/11/2023 13:45,19,255,26
1/11/2023 14:00,22,250,30
1/11/2023 14:15,22,250,33
1/11/2023 14:30,21,245,27
1/11/2023 14:45,20,249,29
1/11/2023 15:00,18,244,25
1/11/2023 15:15,18,246,30
1/11/2023 15:30,20,245,29
1/11/2023 15:45,18,237,29
1/11/2023 16:00,16,235,24
1/11/2023 16:15,16,240,25
1/11/2023 16:30,17,245,31
1/11/2023 16:45,16,250,22
1/11/2023 17:00,15,249,21
1/11/2023 17:15,14,244,20
1/11/2023 17:30,11,270,19
1/11/2023 17:45,11,271,20
1/11/2023 18:00,10,279,20
1/11/2023 18:15,10,269,21
1/11/2023 18:30,15,254,22
1/11/2023 18:45,12,244,21
1/11/2023 19:00,6,214,10
1/11/2023 19:15,7,193,12
1/11/2023 19:30,9,217,12
1/11/2023 19:45,10,220,15
1/11/2023 20:00,10,218,13
1/11/2023 20:15,11,215,17
1/11/2023 20:30,13,212,18
1/11/2023 20:45,12,213,16
1/11/2023 21:00,11,218,15
1/11/2023 21:15,12,214,17
1/11/2023 21:30,10,217,14
1/11/2023 21:45,7,252,11
1/11/2023 22:00,7,235,11
1/11/2023 22:15,6,227,9
1/11/2023 22:30,4,220,6
1/11/2023 22:45,5,230,6
1/11/2023 23:00,7,213,9
1/11/2023 23:15,7,214,10
1/11/2023 23:30,6,220,9
1/11/2023 23:45,6,228,9
1/12/2023 0:00,5,242,7
1/12/2023 0:15,6,244,9
1/12/2023 0:30,6,253,8
1/12/2023 0:45,5,265,8
1/12/2023 1:00,6,252,8
1/12/2023 1:15,6,249,8
1/12/2023 1:30,7,246,9
1/12/2023 1:45,7,238,10
1/12/2023 2:00,6,237,7
1/12/2023 2:15,7,232,9
1/12/2023 2:30,6,239,8
1/12/2023 2:45,7,231,9
1/12/2023 3:00,7,230,9
1/12/2023 3:15,7,235,8
1/12/2023 3:30,6,253,8
1/12/2023 3:45,5,269,9
1/12/2023 4:00,5,279,10
1/12/2023 4:15,7,291,10
1/12/2023 4:30,7,289,10
1/12/2023 4:45,8,303,12
1/12/2023 5:00,7,315,11
1/12/2023 5:15,5,302,7
1/12/2023 5:30,4,288,5
1/12/2023 5:45,3,285,5
1/12/2023 6:00,3,258,5
1/12/2023 6:15,4,236,5
1/12/2023 6:30,5,234,7
1/12/2023 6:45,5,233,7
1/12/2023 7:00,5,239,6
1/12/2023 7:15,5,234,6
1/12/2023 7:30,5,228,6
1/12/2023 7:45,4,231,5
1/12/2023 8:00,4,233,5
1/12/2023 8:15,4,233,5
1/12/2023 8:30,6,225,7
1/12/2023 8:45,6,216,7
1/12/2023 9:00,5,214,6
1/12/2023 9:15,5,203,7
1/12/2023 9:30,5,197,6
1/12/2023 9:45,6,195,6
1/12/2023 10:00,6,194,9
1/12/2023 10:15,6,196,8
1/12/2023 10:30,6,192,8
1/12/2023 10:45,6,197,10
1/12/2023 11:00,5,181,8
1/12/2023 11:15,6,159,9
1/12/2023 11:30,7,153,9
1/12/2023 11:45,7,154,9
1/12/2023 12:00,8,162,12
1/12/2023 12:15,8,140,11
1/12/2023 12:30,9,141,13
1/12/2023 12:45,11,143,16
1/12/2023 13:00,11,133,15
1/12/2023 13:15,11,136,15
1/12/2023 13:30,12,134,16
1/12/2023 13:45,12,133,16
1/12/2023 14:00,11,126,15
1/12/2023 14:15,12,125,16
1/12/2023 14:30,14,117,17
1/12/2023 14:45,14,115,17
1/12/2023 15:00,14,117,18
1/12/2023 15:15,14,111,19
1/12/2023 15:30,15,112,20
1/12/2023 15:45,15,111,18
1/12/2023 16:00,15,107,20
1/12/2023 16:15,16,107,21
1/12/2023 16:30,17,113,24
1/12/2023 16:45,17,117,22
1/12/2023 17:00,17,120,23
1/12/2023 17:15,17,115,22
1/12/2023 17:30,17,118,23
1/12/2023 17:45,13,123,18
1/12/2023 18:00,15,124,20
1/12/2023 18:15,13,122,17
1/12/2023 18:30,13,120,17
1/12/2023 18:45,14,122,18
1/12/2023 19:00,14,115,19
1/12/2023 19:15,15,111,20
1/12/2023 19:30,17,104,22
1/12/2023 19:45,17,93,22
1/12/2023 20:00,16,99,22
1/12/2023 20:15,15,96,20
1/12/2023 20:30,14,89,18
1/12/2023 20:45,13,81,18
1/12/2023 21:00,13,83,17
1/12/2023 21:15,14,91,18
1/12/2023 21:30,12,80,15
1/12/2023 21:45,11,73,14
1/12/2023 22:00,10,65,13
1/12/2023 22:15,11,52,14
1/12/2023 22:30,11,43,16
1/12/2023 22:45,10,42,13
1/12/2023 23:00,11,34,14
1/12/2023 23:15,14,40,22
1/12/2023 23:30,14,34,19
1/12/2023 23:45,14,44,20
1/13/2023 0:00,16,29,21
1/13/2023 0:15,16,25,21
1/13/2023 0:30,18,37,23
1/13/2023 0:45,18,31,22
1/13/2023 1:00,18,32,25
1/13/2023 1:15,17,35,22
1/13/2023 1:30,17,27,24
1/13/2023 1:45,15,19,21
1/13/2023 2:00,15,19,21
1/13/2023 2:15,17,14,25
1/13/2023 2:30,18,20,24
1/13/2023 2:45,19,18,26
1/13/2023 3:00,21,13,28
1/13/2023 3:15,18,7,27
1/13/2023 3:30,18,7,27
1/13/2023 3:45,18,7,26
1/13/2023 4:00,16,5,21
1/13/2023 4:15,16,5,23
1/13/2023 4:30,17,3,23
1/13/2023 4:45,16,1,23
1/13/2023 5:00,15,2,21
1/13/2023 5:15,14,2,20
1/13/2023 5:30,14,1,19
1/13/2023 5:45,15,359,21
1/13/2023 6:00,15,358,21
1/13/2023 6:15,15,358,21
1/13/2023 6:30,15,359,21
1/13/2023 6:45,15,358,23
1/13/2023 7:00,16,8,26
1/13/2023 7:15,15,1,21
1/13/2023 7:30,15,356,21
1/13/2023 7:45,13,356,21
1/13/2023 8:00,14,355,20
1/13/2023 8:15,15,352,23
1/13/2023 8:30,13,356,19
1/13/2023 8:45,13,356,17
1/13/2023 9:00,12,353,19
1/13/2023 9:15,13,355,20
1/13/2023 9:30,18,339,25
1/13/2023 9:45,12,334,20
1/13/2023 10:00,10,349,17
1/13/2023 10:15,13,343,18
1/13/2023 10:30,15,344,21
1/13/2023 10:45,15,337,20
1/13/2023 11:00,14,336,18
1/13/2023 11:15,15,337,18
1/13/2023 11:30,13,336,17
1/13/2023 11:45,13,332,18
1/13/2023 12:00,13,327,18
1/13/2023 12:15,14,330,18
1/13/2023 12:30,13,330,18
1/13/2023 12:45,13,341,18
1/13/2023 13:00,12,333,18
1/13/2023 13:15,11,337,15
1/13/2023 13:30,12,324,18
1/13/2023 13:45,8,316,13
1/13/2023 14:00,8,313,14
1/13/2023 14:15,6,297,8
1/13/2023 14:30,6,294,8
1/13/2023 14:45,5,291,8
1/13/2023 15:00,7,304,11
1/13/2023 15:15,7,292,16
1/13/2023 15:30,7,290,17
1/13/2023 15:45,7,286,17
1/13/2023 16:00,5,279,8
1/13/2023 16:15,7,294,13
1/13/2023 16:30,10,300,15
1/13/2023 16:45,8,305,11
1/13/2023 17:00,10,313,14
1/13/2023 17:15,9,314,12
1/13/2023 17:30,11,325,16
1/13/2023 17:45,12,339,14
1/13/2023 18:00,11,335,14
1/13/2023 18:15,10,343,14
1/13/2023 18:30,10,343,14
1/13/2023 18:45,8,344,12
1/13/2023 19:00,7,341,11
1/13/2023 19:15,6,331,9
1/13/2023 19:30,4,308,7
1/13/2023 19:45,3,291,5
1/13/2023 20:00,3,281,6
1/13/2023 20:15,6,299,11
1/13/2023 20:30,3,3,8
1/13/2023 20:45,1,62,2
1/13/2023 21:00,2,213,3
1/13/2023 21:15,3,203,3
1/13/2023 21:30,2,215,3
1/13/2023 21:45,3,218,5
1/13/2023 22:00,4,216,5
1/13/2023 22:15,5,222,6
1/13/2023 22:30,6,221,7
1/13/2023 22:45,6,221,8
1/13/2023 23:00,6,223,7
1/13/2023 23:15,5,222,7
1/13/2023 23:30,5,223,6
1/13/2023 23:45,4,221,6
1/14/2023 0:00,4,198,4
1/14/2023 0:15,3,198,4
1/14/2023 0:30,2,188,3
1/14/2023 0:45,2,170,3
1/14/2023 1:00,3,171,4
1/14/2023 1:15,3,142,4
1/14/2023 1:30,4,143,7
1/14/2023 1:45,6,127,8
1/14/2023 2:00,6,131,8
1/14/2023 2:15,7,134,10
1/14/2023 2:30,8,132,12
1/14/2023 2:45,9,136,11
1/14/2023 3:00,9,142,12
1/14/2023 3:15,10,139,14
1/14/2023 3:30,11,132,14
1/14/2023 3:45,13,129,18
1/14/2023 4:00,12,123,16
1/14/2023 4:15,14,119,17
1/14/2023 4:30,14,118,18
1/14/2023 4:45,16,120,21
1/14/2023 5:00,17,117,22
1/14/2023 5:15,18,116,22
1/14/2023 5:30,19,123,25
1/14/2023 5:45,20,119,26
1/14/2023 6:00,20,117,26
1/14/2023 6:15,20,116,26
1/14/2023 6:30,22,123,28
1/14/2023 6:45,23,119,29
1/14/2023 7:00,23,119,29
1/14/2023 7:15,21,118,27
1/14/2023 7:30,23,119,29
1/14/2023 7:45,23,115,29
1/14/2023 8:00,23,114,28
1/14/2023 8:15,22,119,29
1/14/2023 8:30,24,126,31
1/14/2023 8:45,24,132,32
1/14/2023 9:00,24,130,32
1/14/2023 9:15,24,127,31
1/14/2023 9:30,23,120,29
1/14/2023 9:45,24,118,32
1/14/2023 10:00,25,114,32
1/14/2023 10:15,25,111,32
1/14/2023 10:30,25,109,32
1/14/2023 10:45,26,108,33
1/14/2023 11:00,27,106,35
1/14/2023 11:15,27,105,34
1/14/2023 11:30,26,106,34
1/14/2023 11:45,28,104,35
1/14/2023 12:00,27,103,35
1/14/2023 12:15,28,104,35
1/14/2023 12:30,27,101,35
1/14/2023 12:45,27,104,35
1/14/2023 13:00,27,100,34
1/14/2023 13:15,25,98,33
1/14/2023 13:30,25,102,33
1/14/2023 13:45,25,99,32
1/14/2023 14:00,24,94,32
1/14/2023 14:15,24,90,32
1/14/2023 14:30,24,89,31
1/14/2023 14:45,24,89,32
1/14/2023 15:00,24,90,30
1/14/2023 15:15,23,86,29
1/14/2023 15:30,22,83,27
1/14/2023 15:45,23,75,29
1/14/2023 16:00,23,71,29
1/14/2023 16:15,22,69,27
1/14/2023 16:30,24,66,30
1/14/2023 16:45,24,59,31
1/14/2023 17:00,24,57,33
1/14/2023 17:15,25,53,33
1/14/2023 17:30,24,50,31
1/14/2023 17:45,25,48,33
1/14/2023 18:00,26,50,36
1/14/2023 18:15,25,46,34
1/14/2023 18:30,26,45,34
1/14/2023 18:45,26,44,36
1/14/2023 19:00,26,40,36
1/14/2023 19:15,26,39,35
1/14/2023 19:30,26,37,34
1/14/2023 19:45,30,27,41
1/14/2023 20:00,31,27,44
1/14/2023 20:15,32,26,41
1/14/2023 20:30,31,25,43
1/14/2023 20:45,33,30,46
1/14/2023 21:00,32,26,45
1/14/2023 21:15,33,18,44
1/14/2023 21:30,32,17,42
1/14/2023 21:45,32,15,43
1/14/2023 22:00,31,14,43
1/14/2023 22:15,31,15,42
1/14/2023 22:30,30,14,41
1/14/2023 22:45,32,14,45
1/14/2023 23:00,33,14,46
1/14/2023 23:15,32,15,45
1/14/2023 23:30,28,10,41
1/14/2023 23:45,27,10,39
1/15/2023 0:00,28,10,44
1/15/2023 0:15,27,9,40
1/15/2023 0:30,27,10,39
1/15/2023 0:45,27,9,38
1/15/2023 1:00,25,4,39
1/15/2023 1:15,23,358,33
1/15/2023 1:30,23,358,38
1/15/2023 1:45,20,358,28
1/15/2023 2:00,22,2,33
1/15/2023 2:15,22,6,31
1/15/2023 2:30,21,7,33
1/15/2023 2:45,18,2,25
1/15/2023 3:00,19,359,28
1/15/2023 3:15,17,356,23
1/15/2023 3:30,16,353,27
1/15/2023 3:45,21,348,30
1/15/2023 4:00,20,346,29
1/15/2023 4:15,20,345,30
1/15/2023 4:30,19,340,25
1/15/2023 4:45,17,356,28
1/15/2023 5:00,18,349,27
1/15/2023 5:15,17,358,26
1/15/2023 5:30,15,351,21
1/15/2023 5:45,14,351,21
1/15/2023 6:00,15,6,23
1/15/2023 6:15,14,10,26
1/15/2023 6:30,15,12,25
1/15/2023 6:45,10,4,15
1/15/2023 7:00,10,344,30
1/15/2023 7:15,16,14,22
1/15/2023 7:30,13,12,23
1/15/2023 7:45,12,13,16
1/15/2023 8:00,9,5,14
1/15/2023 8:15,9,5,13
1/15/2023 8:30,13,3,22
1/15/2023 8:45,17,6,24
1/15/2023 9:00,11,357,20
1/15/2023 9:15,16,328,25
1/15/2023 9:30,16,340,22
1/15/2023 9:45,11,351,18
1/15/2023 10:00,2,356,10
1/15/2023 10:15,3,159,5
1/15/2023 10:30,7,216,12
1/15/2023 10:45,9,251,14
1/15/2023 11:00,8,292,14
1/15/2023 11:15,8,299,15
1/15/2023 11:30,9,282,17
1/15/2023 11:45,11,272,16
1/15/2023 12:00,11,318,15
1/15/2023 12:15,9,311,14
1/15/2023 12:30,13,313,21
1/15/2023 12:45,16,319,22
1/15/2023 13:00,15,323,20
1/15/2023 13:15,16,329,24
1/15/2023 13:30,553,317,1944
1/15/2023 13:45,18,327,22
1/15/2023 14:00,21,334,31
1/15/2023 14:15,27,340,36
1/15/2023 14:30,28,343,37
1/15/2023 14:45,28,337,38
1/15/2023 15:00,28,332,37
1/15/2023 15:15,30,329,38
1/15/2023 15:30,26,333,33
1/15/2023 15:45,25,332,36
1/15/2023 16:00,22,333,31
1/15/2023 16:15,24,335,33
1/15/2023 16:30,22,337,30
1/15/2023 16:45,22,335,33
1/15/2023 17:00,21,341,30
1/15/2023 17:15,21,334,27
1/15/2023 17:30,19,335,27
1/15/2023 17:45,20,330,32
1/15/2023 18:00,23,324,34
1/15/2023 18:15,19,323,26
1/15/2023 18:30,15,315,21
1/15/2023 18:45,21,312,30
1/15/2023 19:00,17,304,28
1/15/2023 19:15,10,312,15
1/15/2023 19:30,9,315,14
1/15/2023 19:45,12,302,19
1/15/2023 20:00,12,294,18
1/15/2023 20:15,12,299,19
1/15/2023 20:30,13,295,19
1/15/2023 20:45,14,299,19
1/15/2023 21:00,14,299,21
1/15/2023 21:15,14,303,21
1/15/2023 21:30,15,302,26
1/15/2023 21:45,21,322,28
1/15/2023 22:00,21,321,29
1/15/2023 22:15,21,320,31
1/15/2023 22:30,18,315,27
1/15/2023 22:45,18,318,28
1/15/2023 23:00,9,307,23
1/15/2023 23:15,14,314,25
1/15/2023 23:30,12,306,21
1/15/2023 23:45,8,309,14
1/16/2023 0:00,7,302,13
1/16/2023 0:15,6,265,12
1/16/2023 0:30,8,237,12
1/16/2023 0:45,9,277,15
1/16/2023 1:00,9,298,13
1/16/2023 1:15,8,294,13
1/16/2023 1:30,7,288,11
1/16/2023 1:45,9,278,24
1/16/2023 2:00,6,268,11
1/16/2023 2:15,11,250,26
1/16/2023 2:30,12,269,20
1/16/2023 2:45,13,265,20
1/16/2023 3:00,13,258,20
1/16/2023 3:15,14,235,24
1/16/2023 3:30,13,220,18
1/16/2023 3:45,16,234,27
1/16/2023 4:00,18,310,29
1/16/2023 4:15,16,331,22
1/16/2023 4:30,12,324,17
1/16/2023 4:45,10,318,16
1/16/2023 5:00,9,311,15
1/16/2023 5:15,6,307,10
1/16/2023 5:30,5,274,9
1/16/2023 5:45,7,278,19
1/16/2023 6:00,12,291,19
1/16/2023 6:15,13,258,19
1/16/2023 6:30,10,239,15
1/16/2023 6:45,8,238,12
1/16/2023 7:00,10,246,14
1/16/2023 7:15,9,255,15
1/16/2023 7:30,10,293,16
1/16/2023 7:45,12,301,18
1/16/2023 8:00,12,305,19
1/16/2023 8:15,12,306,24
1/16/2023 8:30,14,311,21
1/16/2023 8:45,12,302,16
1/16/2023 9:00,11,304,22
1/16/2023 9:15,14,332,21
1/16/2023 9:30,11,312,17
1/16/2023 9:45,8,294,15
1/16/2023 10:00,7,282,14
1/16/2023 10:15,9,290,14
1/16/2023 10:30,11,297,15
1/16/2023 10:45,13,305,30
1/16/2023 11:00,19,328,31
1/16/2023 11:15,18,330,31
1/16/2023 11:30,19,306,30
1/16/2023 11:45,11,296,19
1/16/2023 12:00,16,314,24
1/16/2023 12:15,17,332,26
1/16/2023 12:30,18,329,24
1/16/2023 12:45,18,334,25
1/16/2023 13:00,18,330,25
1/16/2023 13:15,17,329,22
1/16/2023 13:30,17,332,24
1/16/2023 13:45,17,333,24
1/16/2023 14:00,17,322,23
1/16/2023 14:15,20,318,29
1/16/2023 14:30,19,317,27
1/16/2023 14:45,17,316,22
1/16/2023 15:00,16,316,21
1/16/2023 15:15,12,305,19
1/16/2023 15:30,13,310,21
1/16/2023 15:45,13,307,21
1/16/2023 16:00,13,306,20
1/16/2023 16:15,12,302,18
1/16/2023 16:30,16,321,22
1/16/2023 16:45,18,327,28
1/16/2023 17:00,17,338,24
1/16/2023 17:15,14,332,18
1/16/2023 17:30,11,327,15
1/16/2023 17:45,10,312,16
1/16/2023 18:00,9,296,13
1/16/2023 18:15,8,299,17
1/16/2023 18:30,16,318,24
1/16/2023 18:45,13,327,19
1/16/2023 19:00,21,316,37
1/16/2023 19:15,26,328,34
1/16/2023 19:30,26,329,34
1/16/2023 19:45,21,327,29
1/16/2023 20:00,11,326,19
1/16/2023 20:15,13,351,18
1/16/2023 20:30,18,335,38
1/16/2023 20:45,15,314,35
1/16/2023 21:00,25,320,36
1/16/2023 21:15,22,320,31
1/16/2023 21:30,22,331,29
1/16/2023 21:45,22,332,32
1/16/2023 22:00,23,331,34
1/16/2023 22:15,22,327,29
1/16/2023 22:30,21,324,31
1/16/2023 22:45,22,322,29
1/16/2023 23:00,22,324,31
1/16/2023 23:15,22,324,31
1/16/2023 23:30,21,322,29
1/16/2023 23:45,21,319,29
1/17/2023 0:00,20,318,29
1/17/2023 0:15,23,322,31
1/17/2023 0:30,22,321,29
1/17/2023 0:45,20,317,27
1/17/2023 1:00,16,311,23
1/17/2023 1:15,15,308,25
1/17/2023 1:30,17,308,25
1/17/2023 1:45,15,306,25
1/17/2023 2:00,15,305,23
1/17/2023 2:15,15,309,22
1/17/2023 2:30,14,305,22
1/17/2023 2:45,13,299,18
1/17/2023 3:00,13,300,21
1/17/2023 3:15,13,300,21
1/17/2023 3:30,14,302,21
1/17/2023 3:45,13,303,19
1/17/2023 4:00,17,312,31
1/17/2023 4:15,20,317,28
1/17/2023 4:30,16,310,26
1/17/2023 4:45,14,308,23
1/17/2023 5:00,16,308,22
1/17/2023 5:15,14,299,21
1/17/2023 5:30,14,301,19
1/17/2023 5:45,13,297,20
1/17/2023 6:00,14,297,19
1/17/2023 6:15,13,295,18
1/17/2023 6:30,14,297,20
1/17/2023 6:45,15,302,25
1/17/2023 7:00,20,315,33
1/17/2023 7:15,19,314,27
1/17/2023 7:30,14,294,24
1/17/2023 7:45,17,301,34
1/17/2023 8:00,14,291,25
1/17/2023 8:15,14,286,21
1/17/2023 8:30,17,304,30
1/17/2023 8:45,16,300,28
1/17/2023 9:00,15,300,21
1/17/2023 9:15,16,302,24
1/17/2023 9:30,17,300,26
1/17/2023 9:45,18,300,25
1/17/2023 10:00,18,302,26
1/17/2023 10:15,16,293,24
1/17/2023 10:30,14,295,22
1/17/2023 10:45,14,295,22
1/17/2023 11:00,16,295,23
1/17/2023 11:15,15,292,25
1/17/2023 11:30,21,308,38
1/17/2023 11:45,27,320,39
1/17/2023 12:00,25,315,39
1/17/2023 12:15,36,332,46
1/17/2023 12:30,30,326,40
1/17/2023 12:45,33,321,47
1/17/2023 13:00,30,320,39
1/17/2023 13:15,31,321,43
1/17/2023 13:30,31,319,45
1/17/2023 13:45,36,325,47
1/17/2023 14:00,37,326,49
1/17/2023 14:15,35,323,48
1/17/2023 14:30,37,323,48
1/17/2023 14:45,36,330,47
1/17/2023 15:00,37,333,50
1/17/2023 15:15,35,330,50
1/17/2023 15:30,35,335,50
1/17/2023 15:45,36,335,51
1/17/2023 16:00,34,342,46
1/17/2023 16:15,29,355,41
1/17/2023 16:30,31,351,42
1/17/2023 16:45,29,354,42
1/17/2023 17:00,27,357,40
1/17/2023 17:15,29,356,42
1/17/2023 17:30,30,360,43
1/17/2023 17:45,29,358,40
1/17/2023 18:00,30,1,40
1/17/2023 18:15,29,1,39
1/17/2023 18:30,30,4,43
1/17/2023 18:45,30,4,43
1/17/2023 19:00,31,6,45
1/17/2023 19:15,31,5,43
1/17/2023 19:30,30,10,41
1/17/2023 19:45,29,11,39
1/17/2023 20:00,24,4,36
1/17/2023 20:15,22,359,29
1/17/2023 20:30,21,2,33
1/17/2023 20:45,24,1,35
1/17/2023 21:00,26,350,38
1/17/2023 21:15,24,348,35
1/17/2023 21:30,24,349,35
1/17/2023 21:45,25,349,40
1/17/2023 22:00,23,347,32
1/17/2023 22:15,22,350,31
1/17/2023 22:30,21,359,30
1/17/2023 22:45,20,2,27
1/17/2023 23:00,23,9,33
1/17/2023 23:15,23,12,30
1/17/2023 23:30,20,20,29
1/17/2023 23:45,19,17,25
1/18/2023 0:00,17,9,26
1/18/2023 0:15,15,6,21
1/18/2023 0:30,15,6,21
1/18/2023 0:45,14,6,20
1/18/2023 1:00,17,341,27
1/18/2023 1:15,24,338,32
1/18/2023 1:30,20,340,29
1/18/2023 1:45,21,341,29
1/18/2023 2:00,21,342,28
1/18/2023 2:15,19,342,28
1/18/2023 2:30,16,348,21
1/18/2023 2:45,18,338,25
1/18/2023 3:00,17,340,24
1/18/2023 3:15,18,339,24
1/18/2023 3:30,16,336,22
1/18/2023 3:45,16,344,25
1/18/2023 4:00,14,337,20
1/18/2023 4:15,18,329,23
1/18/2023 4:30,18,329,24
1/18/2023 4:45,15,333,20
1/18/2023 5:00,16,339,21
1/18/2023 5:15,16,350,29
1/18/2023 5:30,14,352,23
1/18/2023 5:45,14,1,24
1/18/2023 6:00,17,4,24
1/18/2023 6:15,16,4,24
1/18/2023 6:30,19,3,28
1/18/2023 6:45,18,354,35
1/18/2023 7:00,22,351,35
1/18/2023 7:15,21,358,30
1/18/2023 7:30,19,355,31
1/18/2023 7:45,21,358,31
1/18/2023 8:00,26,346,37
1/18/2023 8:15,29,341,39
1/18/2023 8:30,28,343,38
1/18/2023 8:45,25,343,35
1/18/2023 9:00,28,336,37
1/18/2023 9:15,27,335,37
1/18/2023 9:30,26,338,35
1/18/2023 9:45,25,341,35
1/18/2023 10:00,27,332,34
1/18/2023 10:15,26,337,37
1/18/2023 10:30,26,330,34
1/18/2023 10:45,23,324,32
1/18/2023 11:00,24,326,32
1/18/2023 11:15,24,329,32
1/18/2023 11:30,25,330,35
1/18/2023 11:45,21,326,33
1/18/2023 12:00,18,326,29
1/18/2023 12:15,22,326,33
1/18/2023 12:30,21,322,29
1/18/2023 12:45,23,328,32
1/18/2023 13:00,21,329,30
1/18/2023 13:15,22,324,30
1/18/2023 13:30,19,318,29
1/18/2023 13:45,16,312,27
1/18/2023 14:00,14,305,23
1/18/2023 14:15,12,298,16
1/18/2023 14:30,12,301,17
1/18/2023 14:45,15,309,24
1/18/2023 15:00,15,315,22
1/18/2023 15:15,13,314,20
1/18/2023 15:30,15,317,21
1/18/2023 15:45,12,307,23
1/18/2023 16:00,22,327,29
1/18/2023 16:15,11,308,24
1/18/2023 16:30,10,305,19
1/18/2023 16:45,12,300,18
1/18/2023 17:00,11,284,18
1/18/2023 17:15,11,282,19
1/18/2023 17:30,22,312,34
1/18/2023 17:45,25,318,33
1/18/2023 18:00,22,321,32
1/18/2023 18:15,13,308,20
1/18/2023 18:30,7,308,12
1/18/2023 18:45,10,320,21
1/18/2023 19:00,8,287,14
1/18/2023 19:15,12,255,18
1/18/2023 19:30,8,259,13
1/18/2023 19:45,16,318,25
1/18/2023 20:00,12,317,18
1/18/2023 20:15,7,306,12
1/18/2023 20:30,11,291,20
1/18/2023 20:45,13,292,23
1/18/2023 21:00,14,300,20
1/18/2023 21:15,10,295,18
1/18/2023 21:30,9,286,15
1/18/2023 21:45,11,280,23
1/18/2023 22:00,13,270,23
1/18/2023 22:15,12,272,19
1/18/2023 22:30,11,275,17
1/18/2023 22:45,8,301,17
1/18/2023 23:00,7,269,13
1/18/2023 23:15,12,268,22
1/18/2023 23:30,12,270,19
1/18/2023 23:45,13,269,23
1/19/2023 0:00,14,266,22
1/19/2023 0:15,14,266,22
1/19/2023 0:30,18,263,28
1/19/2023 0:45,17,252,26
1/19/2023 1:00,20,253,28
1/19/2023 1:15,21,254,29
1/19/2023 1:30,17,246,24
1/19/2023 1:45,17,242,27
1/19/2023 2:00,20,250,29
1/19/2023 2:15,21,251,29
1/19/2023 2:30,22,250,37
1/19/2023 2:45,25,248,34
1/19/2023 3:00,24,245,35
1/19/2023 3:15,22,242,32
1/19/2023 3:30,25,258,42
1/19/2023 3:45,24,266,36
1/19/2023 4:00,15,278,27
1/19/2023 4:15,17,275,33
1/19/2023 4:30,20,265,29
1/19/2023 4:45,19,265,31
1/19/2023 5:00,14,290,26
1/19/2023 5:15,11,285,20
1/19/2023 5:30,17,266,28
1/19/2023 5:45,15,269,25
1/19/2023 6:00,13,274,23
1/19/2023 6:15,13,277,23
1/19/2023 6:30,12,273,22
1/19/2023 6:45,9,290,15
1/19/2023 7:00,11,302,17
1/19/2023 7:15,17,328,25
1/19/2023 7:30,20,328,26
1/19/2023 7:45,20,328,29
1/19/2023 8:00,20,333,25
1/19/2023 8:15,20,338,27
1/19/2023 8:30,20,336,29
1/19/2023 8:45,21,334,27
1/19/2023 9:00,21,332,28
1/19/2023 9:15,19,333,24
1/19/2023 9:30,22,332,31
1/19/2023 9:45,20,333,26
1/19/2023 10:00,22,330,30
1/19/2023 10:15,20,325,28
1/19/2023 10:30,22,322,28
1/19/2023 10:45,21,323,27
1/19/2023 11:00,21,320,29
1/19/2023 11:15,20,319,29
1/19/2023 11:30,17,315,23
1/19/2023 11:45,18,318,25
1/19/2023 12:00,19,324,33
1/19/2023 12:15,19,331,25
1/19/2023 12:30,20,327,26
1/19/2023 12:45,23,324,30
1/19/2023 13:00,18,337,34
1/19/2023 13:15,18,331,25
1/19/2023 13:30,19,337,31
1/19/2023 13:45,19,339,27
1/19/2023 14:00,21,340,29
1/19/2023 14:15,24,336,34
1/19/2023 14:30,23,334,31
1/19/2023 14:45,22,337,35
1/19/2023 15:00,20,334,30
1/19/2023 15:15,22,330,31
1/19/2023 15:30,24,334,34
1/19/2023 15:45,24,333,31
1/19/2023 16:00,24,338,32
1/19/2023 16:15,28,336,38
1/19/2023 16:30,26,335,35
1/19/2023 16:45,25,335,36
1/19/2023 17:00,24,339,33
1/19/2023 17:15,24,340,39
1/19/2023 17:30,26,341,38
1/19/2023 17:45,21,348,36
1/19/2023 18:00,24,340,33
1/19/2023 18:15,26,340,36
1/19/2023 18:30,26,342,37
1/19/2023 18:45,27,345,38
1/19/2023 19:00,27,341,37
1/19/2023 19:15,28,340,36
1/19/2023 19:30,26,344,37
1/19/2023 19:45,25,343,34
1/19/2023 20:00,23,346,34
1/19/2023 20:15,23,349,37
1/19/2023 20:30,23,348,34
1/19/2023 20:45,21,359,29
1/19/2023 21:00,19,1,27
1/19/2023 21:15,20,2,28
1/19/2023 21:30,16,1,22
1/19/2023 21:45,21,349,31
1/19/2023 22:00,19,356,28
1/19/2023 22:15,19,345,28
1/19/2023 22:30,23,336,32
1/19/2023 22:45,23,336,31
1/19/2023 23:00,21,339,27
1/19/2023 23:15,17,357,30
1/19/2023 23:30,20,336,27
1/19/2023 23:45,18,349,25
1/20/2023 0:00,17,351,24
1/20/2023 0:15,20,340,26
1/20/2023 0:30,21,333,28
1/20/2023 0:45,20,338,28
1/20/2023 1:00,19,346,28
1/20/2023 1:15,20,339,28
1/20/2023 1:30,20,337,27
1/20/2023 1:45,20,338,27
1/20/2023 2:00,21,339,27
1/20/2023 2:15,19,338,27
1/20/2023 2:30,18,334,24
1/20/2023 2:45,20,338,26
1/20/2023 3:00,19,338,25
1/20/2023 3:15,19,332,25
1/20/2023 3:30,18,335,26
1/20/2023 3:45,17,334,23
1/20/2023 4:00,16,333,22
1/20/2023 4:15,19,340,24
1/20/2023 4:30,17,336,24
1/20/2023 4:45,15,333,19
1/20/2023 5:00,14,337,19
1/20/2023 5:15,12,349,18
1/20/2023 5:30,13,340,18
1/20/2023 5:45,12,328,15
1/20/2023 6:00,11,328,16
1/20/2023 6:15,14,334,20
1/20/2023 6:30,14,331,18
1/20/2023 6:45,14,334,18
1/20/2023 7:00,13,332,19
1/20/2023 7:15,12,334,16
1/20/2023 7:30,11,336,15
1/20/2023 7:45,11,336,14
1/20/2023 8:00,11,337,15
1/20/2023 8:15,11,339,15
1/20/2023 8:30,10,335,13
1/20/2023 8:45,8,329,12
1/20/2023 9:00,9,334,12
1/20/2023 9:15,8,333,12
1/20/2023 9:30,7,340,12
1/20/2023 9:45,7,358,11
1/20/2023 10:00,6,352,9
1/20/2023 10:15,6,337,11
1/20/2023 10:30,6,339,8
1/20/2023 10:45,4,336,6
1/20/2023 11:00,4,324,5
1/20/2023 11:15,3,329,5
1/20/2023 11:30,3,323,4
1/20/2023 11:45,3,308,5
1/20/2023 12:00,2,299,3
1/20/2023 12:15,3,261,7
1/20/2023 12:30,5,235,8
1/20/2023 12:45,5,247,7
1/20/2023 13:00,4,246,7
1/20/2023 13:15,4,254,6
1/20/2023 13:30,2,245,5
1/20/2023 13:45,3,243,4
1/20/2023 14:00,3,235,4
1/20/2023 14:15,3,229,4
1/20/2023 14:30,3,228,4
1/20/2023 14:45,3,220,3
1/20/2023 15:00,4,233,5
1/20/2023 15:15,4,233,5
1/20/2023 15:30,5,230,5
1/20/2023 15:45,5,226,6
1/20/2023 16:00,6,219,7
1/20/2023 16:15,6,214,7
1/20/2023 16:30,6,198,7
1/20/2023 16:45,6,197,7
1/20/2023 17:00,7,208,9
1/20/2023 17:15,8,209,9
1/20/2023 17:30,8,199,9
1/20/2023 17:45,7,190,9
1/20/2023 18:00,6,188,8
1/20/2023 18:15,7,197,11
1/20/2023 18:30,8,193,11
1/20/2023 18:45,8,194,14
1/20/2023 19:00,10,185,14
1/20/2023 19:15,10,198,13
1/20/2023 19:30,10,201,13
1/20/2023 19:45,8,202,10
1/20/2023 20:00,8,190,10
1/20/2023 20:15,9,190,17
1/20/2023 20:30,15,180,19
1/20/2023 20:45,17,176,23
1/20/2023 21:00,16,178,23
1/20/2023 21:15,16,182,22
1/20/2023 21:30,16,182,22
1/20/2023 21:45,17,181,23
1/20/2023 22:00,16,184,23
1/20/2023 22:15,16,186,22
1/20/2023 22:30,15,192,20
1/20/2023 22:45,16,187,22
1/20/2023 23:00,18,184,23
1/20/2023 23:15,16,186,20
1/20/2023 23:30,16,185,23
1/20/2023 23:45,17,187,23
1/21/2023 0:00,18,190,23
1/21/2023 0:15,17,191,23
1/21/2023 0:30,16,188,22
1/21/2023 0:45,17,183,23
1/21/2023 1:00,20,184,26
1/21/2023 1:15,18,188,25
1/21/2023 1:30,19,186,26
1/21/2023 1:45,21,188,29
1/21/2023 2:00,19,186,26
1/21/2023 2:15,20,186,29
1/21/2023 2:30,21,185,28
1/21/2023 2:45,21,186,29
1/21/2023 3:00,20,185,27
1/21/2023 3:15,21,186,28
1/21/2023 3:30,20,181,27
1/21/2023 3:45,22,183,30
1/21/2023 4:00,22,183,30
1/21/2023 4:15,22,183,30
1/21/2023 4:30,23,184,30
1/21/2023 4:45,22,185,29
1/21/2023 5:00,22,188,30
1/21/2023 5:15,20,189,29
1/21/2023 5:30,20,192,27
1/21/2023 5:45,18,193,26
1/21/2023 6:00,18,191,25
1/21/2023 6:15,19,188,27
1/21/2023 6:30,19,187,26
1/21/2023 6:45,20,189,29
1/21/2023 7:00,20,189,28
1/21/2023 7:15,19,191,25
1/21/2023 7:30,19,192,24
1/21/2023 7:45,19,192,26
1/21/2023 8:00,20,191,28
1/21/2023 8:15,18,186,25
1/21/2023 8:30,20,186,28
1/21/2023 8:45,21,182,29
1/21/2023 9:00,21,179,27
1/21/2023 9:15,20,180,28
1/21/2023 9:30,20,180,28
1/21/2023 9:45,19,179,25
1/21/2023 10:00,21,181,29
1/21/2023 10:15,22,181,30
1/21/2023 10:30,23,182,31
1/21/2023 10:45,22,179,29
1/21/2023 11:00,20,176,27
1/21/2023 11:15,22,182,29
1/21/2023 11:30,23,182,30
1/21/2023 11:45,22,181,28
1/21/2023 12:00,22,182,29
1/21/2023 12:15,20,180,28
1/21/2023 12:30,22,184,29
1/21/2023 12:45,23,181,29
1/21/2023 13:00,23,178,30
1/21/2023 13:15,23,176,31
1/21/2023 13:30,22,181,29
1/21/2023 13:45,22,187,29
1/21/2023 14:00,19,183,25
1/21/2023 14:15,20,178,26
1/21/2023 14:30,18,180,24
1/21/2023 14:45,19,179,26
1/21/2023 15:00,20,179,26
1/21/2023 15:15,19,179,25
1/21/2023 15:30,19,179,26
1/21/2023 15:45,18,176,24
1/21/2023 16:00,19,172,26
1/21/2023 16:15,18,176,23
1/21/2023 16:30,19,180,25
1/21/2023 16:45,20,175,27
1/21/2023 17:00,21,176,28
1/21/2023 17:15,18,172,25
1/21/2023 17:30,18,178,25
1/21/2023 17:45,21,180,28
1/21/2023 18:00,23,183,31
1/21/2023 18:15,24,184,32
1/21/2023 18:30,22,182,31
1/21/2023 18:45,24,179,34
1/21/2023 19:00,23,178,30
1/21/2023 19:15,21,177,27
1/21/2023 19:30,20,175,27
1/21/2023 19:45,20,180,27
1/21/2023 20:00,19,181,27
1/21/2023 20:15,18,176,28
1/21/2023 20:30,21,177,31
1/21/2023 20:45,20,174,29
1/21/2023 21:00,21,172,28
1/21/2023 21:15,23,173,31
1/21/2023 21:30,21,175,29
1/21/2023 21:45,23,173,31
1/21/2023 22:00,23,170,31
1/21/2023 22:15,22,170,29
1/21/2023 22:30,22,171,31
1/21/2023 22:45,23,169,30
1/21/2023 23:00,22,171,30
1/21/2023 23:15,22,172,29
1/21/2023 23:30,25,172,34
1/21/2023 23:45,24,172,32
1/22/2023 0:00,23,176,31
1/22/2023 0:15,24,183,33
1/22/2023 0:30,21,185,29
1/22/2023 0:45,23,189,31
1/22/2023 1:00,21,186,29
1/22/2023 1:15,22,186,30
1/22/2023 1:30,22,185,29
1/22/2023 1:45,23,178,30
1/22/2023 2:00,21,176,28
1/22/2023 2:15,22,179,30
1/22/2023 2:30,24,183,32
1/22/2023 2:45,27,185,36
1/22/2023 3:00,27,186,36
1/22/2023 3:15,26,184,35
1/22/2023 3:30,25,179,33
1/22/2023 3:45,25,179,34
1/22/2023 4:00,26,183,33
1/22/2023 4:15,27,183,35
1/22/2023 4:30,26,181,35
1/22/2023 4:45,24,179,32
1/22/2023 5:00,25,184,33
1/22/2023 5:15,24,188,33
1/22/2023 5:30,24,187,34
1/22/2023 5:45,23,187,31
1/22/2023 6:00,22,186,31
1/22/2023 6:15,24,183,30
1/22/2023 6:30,25,183,32
1/22/2023 6:45,24,187,34
1/22/2023 7:00,24,185,31
1/22/2023 7:15,24,185,30
1/22/2023 7:30,22,185,30
1/22/2023 7:45,22,185,30
1/22/2023 8:00,22,187,31
1/22/2023 8:15,22,185,28
1/22/2023 8:30,20,183,27
1/22/2023 8:45,20,186,26
1/22/2023 9:00,21,191,27
1/22/2023 9:15,21,190,28
1/22/2023 9:30,22,190,28
1/22/2023 9:45,20,192,27
1/22/2023 10:00,19,194,26
1/22/2023 10:15,20,195,30
1/22/2023 10:30,22,195,30
1/22/2023 10:45,22,196,27
1/22/2023 11:00,22,199,30
1/22/2023 11:15,22,200,30
1/22/2023 11:30,22,199,29
1/22/2023 11:45,22,200,29
1/22/2023 12:00,22,199,29
1/22/2023 12:15,22,196,27
1/22/2023 12:30,21,195,30
1/22/2023 12:45,20,195,26
1/22/2023 13:00,20,195,25
1/22/2023 13:15,19,197,24
1/22/2023 13:30,19,198,24
1/22/2023 13:45,18,198,26
1/22/2023 14:00,18,196,24
1/22/2023 14:15,16,198,22
1/22/2023 14:30,16,197,23
1/22/2023 14:45,14,196,19
1/22/2023 15:00,12,190,17
1/22/2023 15:15,11,186,15
1/22/2023 15:30,11,183,15
1/22/2023 15:45,12,188,16
1/22/2023 16:00,13,195,16
1/22/2023 16:15,11,197,15
1/22/2023 16:30,10,197,14
1/22/2023 16:45,11,198,15
1/22/2023 17:00,12,198,15
1/22/2023 17:15,11,202,15
1/22/2023 17:30,12,207,17
1/22/2023 17:45,12,204,17
1/22/2023 18:00,11,200,15
1/22/2023 18:15,11,203,15
1/22/2023 18:30,11,200,14
1/22/2023 18:45,10,195,13
1/22/2023 19:00,11,198,14
1/22/2023 19:15,11,201,14
1/22/2023 19:30,12,204,16
1/22/2023 19:45,12,211,15
1/22/2023 20:00,11,212,14
1/22/2023 20:15,10,213,13
1/22/2023 20:30,8,194,12
1/22/2023 20:45,7,186,10
1/22/2023 21:00,8,197,11
1/22/2023 21:15,8,199,10
1/22/2023 21:30,8,186,11
1/22/2023 21:45,8,196,10
1/22/2023 22:00,8,196,10
1/22/2023 22:15,8,189,10
1/22/2023 22:30,9,194,13
1/22/2023 22:45,10,201,12
1/22/2023 23:00,9,199,12
1/22/2023 23:15,10,201,13
1/22/2023 23:30,11,199,15
1/22/2023 23:45,10,194,13
1/23/2023 0:00,9,199,12
1/23/2023 0:15,9,201,12
1/23/2023 0:30,7,214,10
1/23/2023 0:45,6,212,10
1/23/2023 1:00,5,192,8
1/23/2023 1:15,7,191,8
1/23/2023 1:30,7,192,10
1/23/2023 1:45,8,193,11
1/23/2023 2:00,9,196,12
1/23/2023 2:15,10,198,13
1/23/2023 2:30,8,213,10
1/23/2023 2:45,8,207,11
1/23/2023 3:00,9,201,13
1/23/2023 3:15,9,193,11
1/23/2023 3:30,10,205,13
1/23/2023 3:45,10,207,14
1/23/2023 4:00,11,206,14
1/23/2023 4:15,9,197,12
1/23/2023 4:30,9,196,11
1/23/2023 4:45,10,187,13
1/23/2023 5:00,10,184,14
1/23/2023 5:15,8,184,10
1/23/2023 5:30,10,207,15
1/23/2023 5:45,10,201,14
1/23/2023 6:00,11,199,14
1/23/2023 6:15,9,187,13
1/23/2023 6:30,12,196,16
1/23/2023 6:45,13,204,18
1/23/2023 7:00,13,213,17
1/23/2023 7:15,14,206,17
1/23/2023 7:30,13,197,17
1/23/2023 7:45,12,193,16
1/23/2023 8:00,13,196,17
1/23/2023 8:15,12,195,16
1/23/2023 8:30,9,196,13
1/23/2023 8:45,10,196,14
1/23/2023 9:00,11,197,15
1/23/2023 9:15,15,199,22
1/23/2023 9:30,15,198,20
1/23/2023 9:45,15,198,21
1/23/2023 10:00,15,198,20
1/23/2023 10:15,14,193,19
1/23/2023 10:30,14,189,18
1/23/2023 10:45,13,196,17
1/23/2023 11:00,12,194,17
1/23/2023 11:15,13,195,19
1/23/2023 11:30,15,201,22
1/23/2023 11:45,16,201,21
1/23/2023 12:00,16,202,20
1/23/2023 12:15,15,196,21
1/23/2023 12:30,15,196,19
1/23/2023 12:45,14,196,19
1/23/2023 13:00,14,194,17
1/23/2023 13:15,14,193,19
1/23/2023 13:30,14,193,18
1/23/2023 13:45,12,197,16
1/23/2023 14:00,11,201,15
1/23/2023 14:15,11,202,15
1/23/2023 14:30,14,205,20
1/23/2023 14:45,14,206,18
1/23/2023 15:00,14,206,18
1/23/2023 15:15,13,202,17
1/23/2023 15:30,13,200,17
1/23/2023 15:45,12,206,16
1/23/2023 16:00,13,204,17
1/23/2023 16:15,13,205,17
1/23/2023 16:30,13,206,18
1/23/2023 16:45,14,209,18
1/23/2023 17:00,14,214,18
1/23/2023 17:15,14,213,18
1/23/2023 17:30,13,219,18
1/23/2023 17:45,13,219,17
1/23/2023 18:00,11,222,16
1/23/2023 18:15,11,222,17
1/23/2023 18:30,11,226,15
1/23/2023 18:45,12,226,17
1/23/2023 19:00,13,237,21
1/23/2023 19:15,14,237,21
1/23/2023 19:30,17,239,26
1/23/2023 19:45,14,233,23
1/23/2023 20:00,14,236,21
1/23/2023 20:15,15,233,24
1/23/2023 20:30,16,233,25
1/23/2023 20:45,16,236,24
1/23/2023 21:00,17,237,25
1/23/2023 21:15,17,240,25
1/23/2023 21:30,16,241,24
1/23/2023 21:45,17,243,25
1/23/2023 22:00,18,246,29
1/23/2023 22:15,18,250,26
1/23/2023 22:30,16,245,24
1/23/2023 22:45,17,248,24
1/23/2023 23:00,13,242,22
1/23/2023 23:15,12,240,22
1/23/2023 23:30,14,244,23
1/23/2023 23:45,16,248,22
1/24/2023 0:00,16,248,24
1/24/2023 0:15,11,237,18
1/24/2023 0:30,14,236,24
1/24/2023 0:45,15,246,22
1/24/2023 1:00,16,247,21
1/24/2023 1:15,17,249,22
1/24/2023 1:30,16,248,22
1/24/2023 1:45,14,248,20
1/24/2023 2:00,15,245,21
1/24/2023 2:15,16,244,23
1/24/2023 2:30,14,243,21
1/24/2023 2:45,15,241,23
1/24/2023 3:00,16,239,24
1/24/2023 3:15,15,241,20
1/24/2023 3:30,15,241,22
1/24/2023 3:45,14,245,21
1/24/2023 4:00,16,247,21
1/24/2023 4:15,14,240,19
1/24/2023 4:30,16,243,22
1/24/2023 4:45,17,245,23
1/24/2023 5:00,16,241,21
1/24/2023 5:15,17,243,23
1/24/2023 5:30,17,245,23
1/24/2023 5:45,18,242,27
1/24/2023 6:00,17,239,27
1/24/2023 6:15,16,244,23
1/24/2023 6:30,17,250,25
1/24/2023 6:45,16,249,22
1/24/2023 7:00,12,242,17
1/24/2023 7:15,9,222,13
1/24/2023 7:30,9,225,14
1/24/2023 7:45,9,215,13
1/24/2023 8:00,9,208,13
1/24/2023 8:15,11,203,14
1/24/2023 8:30,12,200,17
1/24/2023 8:45,13,199,17
1/24/2023 9:00,13,204,16
1/24/2023 9:15,13,210,17
1/24/2023 9:30,12,216,17
1/24/2023 9:45,14,209,19
1/24/2023 10:00,12,212,16
1/24/2023 10:15,11,217,16
1/24/2023 10:30,10,220,15
1/24/2023 10:45,11,224,15
1/24/2023 11:00,10,239,16
1/24/2023 11:15,11,239,18
1/24/2023 11:30,17,243,26
1/24/2023 11:45,19,245,30
1/24/2023 12:00,17,237,27
1/24/2023 12:15,10,223,18
1/24/2023 12:30,14,232,29
1/24/2023 12:45,11,211,19
1/24/2023 13:00,12,210,19
1/24/2023 13:15,13,226,21
1/24/2023 13:30,16,234,29
1/24/2023 13:45,16,232,26
1/24/2023 14:00,12,235,20
1/24/2023 14:15,10,242,14
1/24/2023 14:30,9,236,13
1/24/2023 14:45,9,231,15
1/24/2023 15:00,9,227,13
1/24/2023 15:15,9,229,14
1/24/2023 15:30,9,231,12
1/24/2023 15:45,9,247,15
1/24/2023 16:00,14,259,22
1/24/2023 16:15,21,253,30
1/24/2023 16:30,22,253,31
1/24/2023 16:45,20,250,28
1/24/2023 17:00,20,250,28
1/24/2023 17:15,21,249,28
1/24/2023 17:30,21,248,30
1/24/2023 17:45,15,233,23
1/24/2023 18:00,12,224,19
1/24/2023 18:15,10,214,17
1/24/2023 18:30,8,211,11
1/24/2023 18:45,9,220,16
1/24/2023 19:00,9,226,15
1/24/2023 19:15,9,236,19
1/24/2023 19:30,11,237,18
1/24/2023 19:45,9,226,16
1/24/2023 20:00,15,225,23
1/24/2023 20:15,17,214,25
1/24/2023 20:30,17,211,25
1/24/2023 20:45,16,218,26
1/24/2023 21:00,18,222,25
1/24/2023 21:15,20,232,29
1/24/2023 21:30,21,237,32
1/24/2023 21:45,21,227,32
1/24/2023 22:00,18,208,24
1/24/2023 22:15,17,209,23
1/24/2023 22:30,15,225,23
1/24/2023 22:45,16,212,22
1/24/2023 23:00,14,196,19
1/24/2023 23:15,14,207,21
1/24/2023 23:30,17,218,27
1/24/2023 23:45,17,208,23
1/25/2023 0:00,15,209,22
1/25/2023 0:15,17,220,26
1/25/2023 0:30,18,233,30
1/25/2023 0:45,23,242,37
1/25/2023 1:00,23,242,35
1/25/2023 1:15,27,248,38
1/25/2023 1:30,25,250,36
1/25/2023 1:45,25,252,36
1/25/2023 2:00,22,252,32
1/25/2023 2:15,22,252,32
1/25/2023 2:30,18,264,29
1/25/2023 2:45,18,259,26
1/25/2023 3:00,15,262,22
1/25/2023 3:15,15,260,21
1/25/2023 3:30,14,260,22
1/25/2023 3:45,16,253,23
1/25/2023 4:00,16,252,23
1/25/2023 4:15,19,251,25
1/25/2023 4:30,16,243,26
1/25/2023 4:45,14,235,21
1/25/2023 5:00,17,245,23
1/25/2023 5:15,14,240,20
1/25/2023 5:30,14,240,20
1/25/2023 5:45,18,246,29
1/25/2023 6:00,18,256,25
1/25/2023 6:15,21,258,29
1/25/2023 6:30,20,261,34
1/25/2023 6:45,17,262,25
1/25/2023 7:00,16,268,26
1/25/2023 7:15,14,275,22
1/25/2023 7:30,12,271,21
1/25/2023 7:45,13,271,21
1/25/2023 8:00,16,270,25
1/25/2023 8:15,17,265,26
1/25/2023 8:30,13,266,19
1/25/2023 8:45,13,264,19
1/25/2023 9:00,16,263,22
1/25/2023 9:15,17,262,23
1/25/2023 9:30,14,268,21
1/25/2023 9:45,14,266,21
1/25/2023 10:00,16,262,23
1/25/2023 10:15,15,271,24
1/25/2023 10:30,13,273,23
1/25/2023 10:45,13,276,21
1/25/2023 11:00,12,276,23
1/25/2023 11:15,14,271,23
1/25/2023 11:30,13,272,19
1/25/2023 11:45,14,273,22
1/25/2023 12:00,13,295,26
1/25/2023 12:15,13,282,29
1/25/2023 12:30,11,285,20
1/25/2023 12:45,12,285,18
1/25/2023 13:00,13,283,22
1/25/2023 13:15,13,273,23
1/25/2023 13:30,13,282,23
1/25/2023 13:45,12,282,19
1/25/2023 14:00,13,287,23
1/25/2023 14:15,14,287,21
1/25/2023 14:30,13,288,20
1/25/2023 14:45,16,295,22
1/25/2023 15:00,17,297,23
1/25/2023 15:15,16,299,24
1/25/2023 15:30,14,301,23
1/25/2023 15:45,14,302,25
1/25/2023 16:00,13,300,19
1/25/2023 16:15,12,300,16
1/25/2023 16:30,12,298,17
1/25/2023 16:45,15,309,25
1/25/2023 17:00,14,308,21
1/25/2023 17:15,15,309,23
1/25/2023 17:30,15,313,26
1/25/2023 17:45,17,317,24
1/25/2023 18:00,17,319,24
1/25/2023 18:15,18,321,24
1/25/2023 18:30,20,322,29
1/25/2023 18:45,19,326,24
1/25/2023 19:00,17,327,23
1/25/2023 19:15,15,327,20
1/25/2023 19:30,14,327,18
1/25/2023 19:45,15,325,19
1/25/2023 20:00,16,326,22
1/25/2023 20:15,18,326,23
1/25/2023 20:30,19,326,24
1/25/2023 20:45,17,327,24
1/25/2023 21:00,18,327,23
1/25/2023 21:15,19,328,24
1/25/2023 21:30,19,331,24
1/25/2023 21:45,20,336,25
1/25/2023 22:00,20,333,25
1/25/2023 22:15,20,331,27
1/25/2023 22:30,18,333,24
1/25/2023 22:45,17,332,22
1/25/2023 23:00,15,332,20
1/25/2023 23:15,15,336,19
1/25/2023 23:30,16,334,22
1/25/2023 23:45,18,337,24
1/26/2023 0:00,19,337,26
1/26/2023 0:15,19,334,26
1/26/2023 0:30,21,335,27
1/26/2023 0:45,20,336,28
1/26/2023 1:00,20,331,31
1/26/2023 1:15,19,327,25
1/26/2023 1:30,20,326,25
1/26/2023 1:45,19,321,27
1/26/2023 2:00,17,320,29
1/26/2023 2:15,20,323,30
1/26/2023 2:30,21,323,32
1/26/2023 2:45,22,328,30
1/26/2023 3:00,20,332,27
1/26/2023 3:15,20,331,27
1/26/2023 3:30,20,332,29
1/26/2023 3:45,20,329,27
1/26/2023 4:00,19,331,27
1/26/2023 4:15,17,336,23
1/26/2023 4:30,15,335,23
1/26/2023 4:45,16,338,22
1/26/2023 5:00,12,347,19
1/26/2023 5:15,14,342,23
1/26/2023 5:30,15,339,25
1/26/2023 5:45,15,343,21
1/26/2023 6:00,12,347,18
1/26/2023 6:15,15,342,24
1/26/2023 6:30,14,356,21
1/26/2023 6:45,13,358,18
1/26/2023 7:00,15,343,22
1/26/2023 7:15,16,346,23
1/26/2023 7:30,13,347,20
1/26/2023 7:45,15,349,22
1/26/2023 8:00,13,353,20
1/26/2023 8:15,15,356,21
1/26/2023 8:30,13,358,20
1/26/2023 8:45,16,348,21
1/26/2023 9:00,16,344,21
1/26/2023 9:15,16,344,22
1/26/2023 9:30,15,346,22
1/26/2023 9:45,14,345,19
1/26/2023 10:00,13,346,18
1/26/2023 10:15,12,345,17
1/26/2023 10:30,12,342,18
1/26/2023 10:45,12,353,18
1/26/2023 11:00,11,348,18
1/26/2023 11:15,12,339,24
1/26/2023 11:30,15,340,22
1/26/2023 11:45,13,336,17
1/26/2023 12:00,13,336,18
1/26/2023 12:15,14,336,21
1/26/2023 12:30,12,348,18
1/26/2023 12:45,11,352,18
1/26/2023 13:00,9,355,14
1/26/2023 13:15,8,352,12
1/26/2023 13:30,10,339,14
1/26/2023 13:45,10,337,14
1/26/2023 14:00,9,330,13
1/26/2023 14:15,11,335,15
1/26/2023 14:30,8,338,14
1/26/2023 14:45,9,330,12
1/26/2023 15:00,8,328,14
1/26/2023 15:15,8,327,12
1/26/2023 15:30,7,318,10
1/26/2023 15:45,6,322,9
1/26/2023 16:00,6,332,10
1/26/2023 16:15,7,329,9
1/26/2023 16:30,5,314,8
1/26/2023 16:45,5,305,7
1/26/2023 17:00,5,295,7
1/26/2023 17:15,6,301,9
1/26/2023 17:30,5,291,9
1/26/2023 17:45,5,297,8
1/26/2023 18:00,6,304,11
1/26/2023 18:15,5,299,10
1/26/2023 18:30,4,290,6
1/26/2023 18:45,5,263,7
1/26/2023 19:00,5,268,9
1/26/2023 19:15,5,273,11
1/26/2023 19:30,5,283,9
1/26/2023 19:45,5,271,9
1/26/2023 20:00,5,271,10
1/26/2023 20:15,4,275,7
1/26/2023 20:30,5,233,7
1/26/2023 20:45,6,224,7
1/26/2023 21:00,6,220,8
1/26/2023 21:15,5,213,7
1/26/2023 21:30,6,209,8
1/26/2023 21:45,5,206,7
1/26/2023 22:00,6,200,11
1/26/2023 22:15,8,196,10
1/26/2023 22:30,8,192,10
1/26/2023 22:45,8,191,11
1/26/2023 23:00,7,195,10
1/26/2023 23:15,8,200,11
1/26/2023 23:30,9,198,11
1/26/2023 23:45,9,198,11
1/27/2023 0:00,9,204,11
1/27/2023 0:15,9,209,12
1/27/2023 0:30,10,205,13
1/27/2023 0:45,9,205,12
1/27/2023 1:00,10,211,13
1/27/2023 1:15,11,211,16
1/27/2023 1:30,11,213,16
1/27/2023 1:45,10,215,14
1/27/2023 2:00,12,219,16
1/27/2023 2:15,12,216,16
1/27/2023 2:30,12,214,16
1/27/2023 2:45,12,212,16
1/27/2023 3:00,12,212,16
1/27/2023 3:15,12,209,17
1/27/2023 3:30,11,208,16
1/27/2023 3:45,12,211,17
1/27/2023 4:00,12,209,17
1/27/2023 4:15,12,209,17
1/27/2023 4:30,10,201,14
1/27/2023 4:45,10,198,14
1/27/2023 5:00,11,204,15
1/27/2023 5:15,11,207,15
1/27/2023 5:30,11,203,15
1/27/2023 5:45,12,203,17
1/27/2023 6:00,11,203,15
1/27/2023 6:15,11,203,15
1/27/2023 6:30,11,201,15
1/27/2023 6:45,12,197,17
1/27/2023 7:00,12,196,16
1/27/2023 7:15,10,194,16
1/27/2023 7:30,11,196,15
1/27/2023 7:45,12,203,17
1/27/2023 8:00,12,197,16
1/27/2023 8:15,12,196,16
1/27/2023 8:30,12,197,18
1/27/2023 8:45,14,193,17
1/27/2023 9:00,12,192,16
1/27/2023 9:15,11,196,14
1/27/2023 9:30,11,202,14
1/27/2023 9:45,11,210,15
1/27/2023 10:00,11,204,15
1/27/2023 10:15,12,203,16
1/27/2023 10:30,12,193,17
1/27/2023 10:45,11,190,15
1/27/2023 11:00,11,193,15
1/27/2023 11:15,13,194,18
1/27/2023 11:30,13,198,17
1/27/2023 11:45,13,201,18
1/27/2023 12:00,15,204,20
1/27/2023 12:15,16,197,20
1/27/2023 12:30,16,199,20
1/27/2023 12:45,15,199,20
1/27/2023 13:00,17,201,22
1/27/2023 13:15,17,205,22
1/27/2023 13:30,15,201,20
1/27/2023 13:45,16,202,22
1/27/2023 14:00,16,204,21
1/27/2023 14:15,17,214,24
1/27/2023 14:30,17,212,23
1/27/2023 14:45,15,211,20
1/27/2023 15:00,15,208,19
1/27/2023 15:15,15,210,21
1/27/2023 15:30,16,203,21
1/27/2023 15:45,15,200,19
1/27/2023 16:00,13,210,18
1/27/2023 16:15,13,222,19
1/27/2023 16:30,14,222,22
1/27/2023 16:45,13,220,20
1/27/2023 17:00,13,215,19
1/27/2023 17:15,13,217,18
1/27/2023 17:30,14,232,22
1/27/2023 17:45,16,236,23
1/27/2023 18:00,17,236,25
1/27/2023 18:15,16,234,24
1/27/2023 18:30,15,233,23
1/27/2023 18:45,16,257,28
1/27/2023 19:00,12,306,19
1/27/2023 19:15,12,303,18
1/27/2023 19:30,11,298,17
1/27/2023 19:45,11,296,15
1/27/2023 20:00,8,290,12
1/27/2023 20:15,7,281,13
1/27/2023 20:30,9,278,17
1/27/2023 20:45,9,276,15
1/27/2023 21:00,9,276,16
1/27/2023 21:15,8,282,17
1/27/2023 21:30,12,296,18
1/27/2023 21:45,10,292,16
1/27/2023 22:00,10,291,16
1/27/2023 22:15,8,282,14
1/27/2023 22:30,9,291,17
1/27/2023 22:45,9,289,17
1/27/2023 23:00,8,284,13
1/27/2023 23:15,11,278,21
1/27/2023 23:30,12,290,18
1/27/2023 23:45,13,296,20
1/28/2023 0:00,9,292,14
1/28/2023 0:15,11,292,19
1/28/2023 0:30,12,293,17
1/28/2023 0:45,9,278,17
1/28/2023 1:00,10,273,16
1/28/2023 1:15,9,275,15
1/28/2023 1:30,9,271,16
1/28/2023 1:45,12,275,20
1/28/2023 2:00,9,282,17
1/28/2023 2:15,11,275,20
1/28/2023 2:30,11,273,17
1/28/2023 2:45,13,273,26
1/28/2023 3:00,11,273,17
1/28/2023 3:15,10,271,16
1/28/2023 3:30,9,275,16
1/28/2023 3:45,10,280,19
1/28/2023 4:00,11,283,19
1/28/2023 4:15,13,292,21
1/28/2023 4:30,9,291,14
1/28/2023 4:45,12,279,23
1/28/2023 5:00,11,272,18
1/28/2023 5:15,10,274,18
1/28/2023 5:30,10,277,17
1/28/2023 5:45,11,279,19
1/28/2023 6:00,10,285,18
1/28/2023 6:15,12,271,18
1/28/2023 6:30,11,261,17
1/28/2023 6:45,11,271,18
1/28/2023 7:00,9,277,18
1/28/2023 7:15,9,270,14
1/28/2023 7:30,8,257,11
1/28/2023 7:45,9,257,13
1/28/2023 8:00,11,282,22
1/28/2023 8:15,8,277,16
1/28/2023 8:30,9,270,14
1/28/2023 8:45,10,270,18
1/28/2023 9:00,10,266,15
1/28/2023 9:15,10,270,19
1/28/2023 9:30,9,270,15
1/28/2023 9:45,10,273,17
1/28/2023 10:00,9,274,15
1/28/2023 10:15,8,274,15
1/28/2023 10:30,9,261,13
1/28/2023 10:45,11,257,15
1/28/2023 11:00,12,258,16
1/28/2023 11:15,8,280,13
1/28/2023 11:30,11,255,18
1/28/2023 11:45,13,256,17
1/28/2023 12:00,13,258,17
1/28/2023 12:15,13,259,17
1/28/2023 12:30,13,261,16
1/28/2023 12:45,12,260,17
1/28/2023 13:00,13,260,19
1/28/2023 13:15,13,265,19
1/28/2023 13:30,14,262,19
1/28/2023 13:45,15,257,22
1/28/2023 14:00,16,261,22
1/28/2023 14:15,16,260,22
1/28/2023 14:30,15,266,25
1/28/2023 14:45,12,273,24
1/28/2023 15:00,14,267,24
1/28/2023 15:15,15,265,21
1/28/2023 15:30,14,258,24
1/28/2023 15:45,14,262,23
1/28/2023 16:00,13,249,19
1/28/2023 16:15,14,251,21
1/28/2023 16:30,15,254,20
1/28/2023 16:45,16,255,23
1/28/2023 17:00,16,256,22
1/28/2023 17:15,15,249,21
1/28/2023 17:30,14,248,20
1/28/2023 17:45,16,245,21
1/28/2023 18:00,16,248,23
1/28/2023 18:15,16,248,25
1/28/2023 18:30,14,240,22
1/28/2023 18:45,14,238,21
1/28/2023 19:00,16,242,24
1/28/2023 19:15,14,237,21
1/28/2023 19:30,17,240,27
1/28/2023 19:45,19,244,25
1/28/2023 20:00,19,241,28
1/28/2023 20:15,18,242,25
1/28/2023 20:30,20,244,30
1/28/2023 20:45,19,241,28
1/28/2023 21:00,20,242,30
1/28/2023 21:15,20,244,31
1/28/2023 21:30,18,249,26
1/28/2023 21:45,19,241,27
1/28/2023 22:00,20,244,28
1/28/2023 22:15,22,246,31
1/28/2023 22:30,19,236,28
1/28/2023 22:45,20,239,27
1/28/2023 23:00,21,247,32
1/28/2023 23:15,23,245,33
1/28/2023 23:30,24,246,32
1/28/2023 23:45,26,246,37
1/29/2023 0:00,26,248,35
1/29/2023 0:15,28,252,38
1/29/2023 0:30,27,247,37
1/29/2023 0:45,27,247,39
1/29/2023 1:00,26,246,38
1/29/2023 1:15,29,245,41
1/29/2023 1:30,29,246,40
1/29/2023 1:45,30,246,42
1/29/2023 2:00,24,244,36
1/29/2023 2:15,24,246,34
1/29/2023 2:30,25,245,36
1/29/2023 2:45,24,246,35
1/29/2023 3:00,27,250,40
1/29/2023 3:15,27,248,39
1/29/2023 3:30,25,248,35
1/29/2023 3:45,26,247,38
1/29/2023 4:00,27,251,40
1/29/2023 4:15,29,250,40
1/29/2023 4:30,30,250,44
1/29/2023 4:45,30,248,46
1/29/2023 5:00,30,248,44
1/29/2023 5:15,29,247,44
1/29/2023 5:30,28,247,39
1/29/2023 5:45,29,247,40
1/29/2023 6:00,29,245,41
1/29/2023 6:15,30,247,41
1/29/2023 6:30,29,247,41
1/29/2023 6:45,29,244,41
1/29/2023 7:00,29,247,40
1/29/2023 7:15,29,247,37
1/29/2023 7:30,28,247,38
1/29/2023 7:45,27,246,37
1/29/2023 8:00,26,244,38
1/29/2023 8:15,26,241,36
1/29/2023 8:30,27,240,37
1/29/2023 8:45,26,236,39
1/29/2023 9:00,23,223,33
1/29/2023 9:15,22,224,32
1/29/2023 9:30,23,224,32
1/29/2023 9:45,23,221,32
1/29/2023 10:00,23,220,31
1/29/2023 10:15,21,223,29
1/29/2023 10:30,26,238,45
1/29/2023 10:45,31,244,44
1/29/2023 11:00,33,244,48
1/29/2023 11:15,32,244,45
1/29/2023 11:30,32,244,46
1/29/2023 11:45,32,247,45
1/29/2023 12:00,31,249,48
1/29/2023 12:15,32,252,46
1/29/2023 12:30,31,264,45
1/29/2023 12:45,29,263,49
1/29/2023 13:00,26,268,41
1/29/2023 13:15,25,274,44
1/29/2023 13:30,23,273,38
1/29/2023 13:45,22,285,33
1/29/2023 14:00,21,277,36
1/29/2023 14:15,27,274,44
1/29/2023 14:30,25,280,48
1/29/2023 14:45,23,279,41
1/29/2023 15:00,23,280,42
1/29/2023 15:15,23,280,38
1/29/2023 15:30,21,280,34
1/29/2023 15:45,24,276,42
1/29/2023 16:00,20,280,38
1/29/2023 16:15,19,277,34
1/29/2023 16:30,21,280,37
1/29/2023 16:45,18,291,28
1/29/2023 17:00,20,291,40
1/29/2023 17:15,19,285,38
1/29/2023 17:30,19,275,34
1/29/2023 17:45,23,267,39
1/29/2023 18:00,25,266,41
1/29/2023 18:15,22,285,41
1/29/2023 18:30,19,292,28
1/29/2023 18:45,21,286,31
1/29/2023 19:00,20,275,33
1/29/2023 19:15,21,277,41
1/29/2023 19:30,18,279,32
1/29/2023 19:45,22,273,44
1/29/2023 20:00,20,273,33
1/29/2023 20:15,17,280,29
1/29/2023 20:30,20,276,35
1/29/2023 20:45,18,276,31
1/29/2023 21:00,21,271,34
1/29/2023 21:15,22,273,36
1/29/2023 21:30,23,276,42
1/29/2023 21:45,18,279,30
1/29/2023 22:00,19,275,31
1/29/2023 22:15,23,273,38
1/29/2023 22:30,20,275,35
1/29/2023 22:45,18,271,33
1/29/2023 23:00,22,275,44
1/29/2023 23:15,20,274,36
1/29/2023 23:30,22,275,35
1/29/2023 23:45,19,280,37
1/30/2023 0:00,18,283,30
1/30/2023 0:15,22,298,29
1/30/2023 0:30,21,294,29
1/30/2023 0:45,22,296,31
1/30/2023 1:00,20,302,31
1/30/2023 1:15,21,299,30
1/30/2023 1:30,20,301,28
1/30/2023 1:45,21,301,31
1/30/2023 2:00,20,304,31
1/30/2023 2:15,20,301,33
1/30/2023 2:30,23,300,33
1/30/2023 2:45,24,301,35
1/30/2023 3:00,30,316,48
1/30/2023 3:15,27,310,47
1/30/2023 3:30,27,311,42
1/30/2023 3:45,31,316,46
1/30/2023 4:00,32,317,43
1/30/2023 4:15,33,323,50
1/30/2023 4:30,36,327,44
1/30/2023 4:45,32,334,47
1/30/2023 5:00,30,330,40
1/30/2023 5:15,33,331,43
1/30/2023 5:30,34,329,45
1/30/2023 5:45,31,331,42
1/30/2023 6:00,33,328,46
1/30/2023 6:15,30,330,45
1/30/2023 6:30,30,330,39
1/30/2023 6:45,30,328,41
1/30/2023 7:00,29,325,38
1/30/2023 7:15,27,323,37
1/30/2023 7:30,26,325,36
1/30/2023 7:45,26,325,41
1/30/2023 8:00,25,324,33
1/30/2023 8:15,24,320,33
1/30/2023 8:30,24,321,34
1/30/2023 8:45,25,324,35
1/30/2023 9:00,21,318,31
1/30/2023 9:15,22,317,32
1/30/2023 9:30,22,319,31
1/30/2023 9:45,19,315,29
1/30/2023 10:00,20,317,29
1/30/2023 10:15,17,310,25
1/30/2023 10:30,18,314,25
1/30/2023 10:45,17,310,26
1/30/2023 11:00,17,310,26
1/30/2023 11:15,16,301,24
1/30/2023 11:30,15,295,21
1/30/2023 11:45,17,309,30
1/30/2023 12:00,24,321,32
1/30/2023 12:15,22,317,30
1/30/2023 12:30,21,318,27
1/30/2023 12:45,21,319,27
1/30/2023 13:00,19,316,25
1/30/2023 13:15,19,316,27
1/30/2023 13:30,17,319,24
1/30/2023 13:45,15,313,21
1/30/2023 14:00,12,308,19
1/30/2023 14:15,13,311,20
1/30/2023 14:30,10,307,17
1/30/2023 14:45,13,315,19
1/30/2023 15:00,11,315,16
1/30/2023 15:15,8,309,13
1/30/2023 15:30,7,303,11
1/30/2023 15:45,7,303,11
1/30/2023 16:00,5,301,9
1/30/2023 16:15,4,296,7
1/30/2023 16:30,3,288,5
1/30/2023 16:45,2,254,4
1/30/2023 17:00,4,201,5
1/30/2023 17:15,5,202,6
1/30/2023 17:30,6,200,7
1/30/2023 17:45,7,197,8
1/30/2023 18:00,8,190,11
1/30/2023 18:15,9,183,13
1/30/2023 18:30,11,179,14
1/30/2023 18:45,12,179,16
1/30/2023 19:00,13,178,17
1/30/2023 19:15,14,178,18
1/30/2023 19:30,14,183,18
1/30/2023 19:45,13,186,17
1/30/2023 20:00,12,192,16
1/30/2023 20:15,13,193,17
1/30/2023 20:30,14,193,18
1/30/2023 20:45,13,197,17
1/30/2023 21:00,15,197,19
1/30/2023 21:15,13,198,19
1/30/2023 21:30,17,193,22
1/30/2023 21:45,18,186,24
1/30/2023 22:00,19,183,25
1/30/2023 22:15,19,183,26
1/30/2023 22:30,21,183,29
1/30/2023 22:45,18,188,25
1/30/2023 23:00,20,191,27
1/30/2023 23:15,20,196,31
1/30/2023 23:30,19,201,26
1/30/2023 23:45,17,208,25
1/31/2023 0:00,17,213,23
1/31/2023 0:15,17,225,26
1/31/2023 0:30,20,246,31
1/31/2023 0:45,22,254,30
1/31/2023 1:00,23,253,32
1/31/2023 1:15,23,253,34
1/31/2023 1:30,26,254,36
1/31/2023 1:45,25,255,35
1/31/2023 2:00,25,252,35
1/31/2023 2:15,31,252,51
1/31/2023 2:30,23,259,34
1/31/2023 2:45,23,259,38
1/31/2023 3:00,26,264,41
1/31/2023 3:15,29,258,42
1/31/2023 3:30,26,260,37
1/31/2023 3:45,29,262,53
1/31/2023 4:00,27,262,47
1/31/2023 4:15,22,268,34
1/31/2023 4:30,26,258,35
1/31/2023 4:45,27,257,37
1/31/2023 5:00,25,264,38
1/31/2023 5:15,23,268,38
1/31/2023 5:30,20,273,37
1/31/2023 5:45,22,264,34
1/31/2023 6:00,28,258,46
1/31/2023 6:15,30,258,46
1/31/2023 6:30,27,256,36
1/31/2023 6:45,26,262,41
1/31/2023 7:00,25,266,39
1/31/2023 7:15,24,266,38
1/31/2023 7:30,22,270,41
1/31/2023 7:45,21,271,33
1/31/2023 8:00,22,270,34
1/31/2023 8:15,22,270,39
1/31/2023 8:30,20,273,32
1/31/2023 8:45,20,280,32
1/31/2023 9:00,20,292,30
1/31/2023 9:15,17,281,28
1/31/2023 9:30,18,276,32
1/31/2023 9:45,18,272,32
1/31/2023 10:00,23,270,39
1/31/2023 10:15,24,268,39
1/31/2023 10:30,23,267,38
1/31/2023 10:45,28,263,44
1/31/2023 11:00,29,261,42
1/31/2023 11:15,21,270,35
1/31/2023 11:30,21,274,36
1/31/2023 11:45,22,273,41
1/31/2023 12:00,21,277,36
1/31/2023 12:15,20,274,31
1/31/2023 12:30,27,264,41
1/31/2023 12:45,26,269,42
1/31/2023 13:00,26,270,39
1/31/2023 13:15,26,268,41
1/31/2023 13:30,23,270,39
1/31/2023 13:45,23,268,37
1/31/2023 14:00,22,270,34
1/31/2023 14:15,24,269,38
1/31/2023 14:30,23,273,37
1/31/2023 14:45,24,273,38
1/31/2023 15:00,23,274,39
1/31/2023 15:15,19,280,37
1/31/2023 15:30,22,273,34
1/31/2023 15:45,26,269,45
1/31/2023 16:00,26,265,38
1/31/2023 16:15,22,270,35
1/31/2023 16:30,19,275,38
1/31/2023 16:45,22,276,40
1/31/2023 17:00,28,264,50
1/31/2023 17:15,28,269,51
1/31/2023 17:30,23,263,38
1/31/2023 17:45,20,272,34
1/31/2023 18:00,26,267,45
1/31/2023 18:15,23,265,33
1/31/2023 18:30,23,265,36
1/31/2023 18:45,18,279,39
1/31/2023 19:00,21,270,40
1/31/2023 19:15,29,261,43
1/31/2023 19:30,26,271,50
1/31/2023 19:45,22,271,36
1/31/2023 20:00,25,266,39
1/31/2023 20:15,21,271,35
1/31/2023 20:30,17,279,27
1/31/2023 20:45,25,281,44
1/31/2023 21:00,22,277,36
1/31/2023 21:15,24,265,38
1/31/2023 21:30,26,264,39
1/31/2023 21:45,28,265,45
1/31/2023 22:00,25,273,41
1/31/2023 22:15,26,267,43
1/31/2023 22:30,31,264,48
1/31/2023 22:45,29,268,51
1/31/2023 23:00,25,270,43
1/31/2023 23:15,28,271,46
1/31/2023 23:30,31,266,45
1/31/2023 23:45,28,269,53
